No.;var00001;Substituent;Backbone length;Backbone;Substitution energy;homo;lumo;pa;homo2;lumo2;pa2;he.w.pn;nhe;be.gla;ml.gla;dmd.gla;d.d1rgla;d.d2rgla;drd1rgla;drd2rgla;nbo.glaf;be.pd;ml.pd;dmd.pd;d.d1r.pd;d.d2r.pd;d.rd1rpd;d.rd2rpd;nbo.pd.f;dppd.d1;dppd.d2;dpzn.d1;dpzn.d2;kmeansPCA;hiePCA;kmeansUMAP;hieUMAP;kmeansTSNE;hieTSNE;kmeansUMAP(n10);hieUMAP(n10);kmeansUMAP(n15);hieUMAP(n15);;;;;;;;;;;;;;;;;;
1;1;Me;3;A;-2.89;-0.1905;0.0327;233;-0.1905;0.0327;233;12.5206;12.2388;27.7596;2.256;68;-0.016;-0.016;4.8;4.6;-0.1207;82.064;2.371;75.5;-0.019;-0.019;8.1;8;-0.8209;-0.003;-0.001;0.002;0.01;0;1;2;4;1;1;4;4;4;0;;;;;;;;;;;;;;;;;;
2;1;tBu;3;A;-2.07;-0.1788;0.0225;245.67;-0.1788;0.0225;245.67;27.7389;27.3041;30.579;2.282;71.3;0;0;4.1;4.2;-0.1105;85.1526;2.385;77.2;0;-0.001;4.7;4.7;-0.8062;0.034;0.033;-0.002;-0.009;1;1;2;4;1;1;0;4;2;0;;;;;;;;;;;;;;;;;;
3;4;OMe;3;A;-9.09;-0.2013;0.0043;227.36;-0.2013;0.0043;227.36;11.0516;10.4724;23.837;2.253;65.3;-0.027;-0.025;4.8;4.1;-0.1492;81.8688;2.37;73;-0.036;-0.032;6.4;6.1;-0.8141;0.004;-0.003;-0.019;0.046;0;1;2;4;1;1;4;4;4;0;;;;;;;;;;;;;;;;;;
4;4;OPh;3;A;-1.18;-0.19974;-0.0381;226.114;-0.19974;-0.0381;226.114;9.90763;10.0093;17.8864;2.237;64.6;-0.019;-0.026;3.4;3.4;-0.0957;66.8393;2.348;72.4;-0.031;-0.033;5.3;4.6;-0.7164;0.03;0.003;0.078;0.033;0;0;5;5;5;2;4;2;0;0;;;;;;;;;;;;;;;;;;
5;2;CF3;3;A;2.57;-0.2508;-0.0332;197.71;-0.2508;-0.0332;197.71;10.2226;10.1116;10.2791;2.216;64.7;-0.004;-0.003;3.4;3.3;-0.0335;57.2679;2.328;74.4;0;0;6.4;6.4;-0.5629;0.015;0.015;0.075;0.087;4;3;3;2;0;5;1;3;3;3;;;;;;;;;;;;;;;;;;
6;5;NMe2;3;A;-10.55;-0.1642;0.0236;240.51;-0.1642;0.0236;240.51;11.0001;10.8571;31.2247;2.264;67.5;-0.016;-0.02;3.2;3.4;-0.1195;87.9161;2.373;73;-0.023;-0.027;4.2;4.5;-0.7786;0.023;0.023;-0.02;-0.023;3;1;2;4;1;1;4;4;4;0;;;;;;;;;;;;;;;;;;
7;3;Ph;3;A;-5.79;-0.189;-0.0477;239.2;-0.189;-0.0477;239.2;11.6013;11.3151;30.9492;2.266;68.2;-0.012;-0.013;4.6;5.1;-0.1049;85.9953;2.379;74.3;-0.015;-0.016;6.6;6.6;-0.7906;0.018;0.018;0.014;-0.013;0;1;4;0;3;4;0;1;2;4;;;;;;;;;;;;;;;;;;
8;2;C6F5;3;A;1.46;-0.21657;-0.07767;222.356;-0.21657;-0.07767;222.356;10.7466;10.6142;21.6514;2.686;65.2;-0.023;-0.02;4.8;4;-0.0493;65.0396;2.351;75.1;-0.019;-0.017;6.1;5.9;-0.6591;0.009;0.015;0.021;0.078;5;0;1;3;5;2;2;5;5;1;;;;;;;;;;;;;;;;;;
9;3;o-Tol;3;A;3.16;-0.18524;-0.0467;240.856;-0.18524;-0.0467;240.856;20.1185;20.8803;24.0843;2.271;69.4;-0.006;-0.007;6.9;7.2;-0.1057;76.786;2.372;75.5;-0.007;-0.01;6.5;6.7;-0.7417;0.052;0.04;-0.026;-0.024;0;1;4;0;3;4;0;1;2;4;;;;;;;;;;;;;;;;;;
10;3;p-Tol;3;A;-7.39;-0.18192;-0.04288;243.279;-0.18192;-0.04288;243.279;12.3574;12.4886;31.4895;2.268;68.4;-0.013;-0.016;4;5.5;-0.1112;85.5052;2.375;74.5;-0.018;-0.018;5.8;7.3;-0.8;0.019;0.021;0.009;-0.015;0;1;4;0;3;4;0;1;2;4;;;;;;;;;;;;;;;;;;
11;3;p-CF3-Ph;3;A;-3.56;-0.20834;-0.0767;228.712;-0.20834;-0.0767;228.712;12.88;13.80;25.8858;2.259;68.1;-0.008;-0.016;2.5;3.5;-0.085;80.59;2.373;74;-0.013;-0.018;5;5.4;-0.7524;0.02;0.019;0.041;-0.008;0;0;0;1;5;2;5;0;5;1;;;;;;;;;;;;;;;;;;
12;1;Me;4;B;-17.42;-0.1905;0.0327;233;-0.1905;0.0327;233;16.0441;14.7708;34.9006;2.271;82.6;-0.019;-0.019;4.5;4.7;-0.1313;100.005;2.388;88.4;-0.023;-0.023;6.4;6.3;-0.856;-0.007;-0.008;-0.058;-0.062;3;2;2;4;1;1;4;4;4;0;;;;;;;;;;;;;;;;;;
13;1;tBu;4;B;-16.09;-0.1788;0.0225;245.67;-0.1788;0.0225;245.67;29.0542;27.0888;39.878;2.296;85.7;-0.011;-0.012;2.2;2.2;-0.1044;99.1737;2.389;90.8;-0.006;-0.006;1.9;1.9;-0.7895;0.053;0.054;-0.036;-0.041;1;5;2;4;1;0;0;4;2;0;;;;;;;;;;;;;;;;;;
14;4;OMe;4;B;-21.69;-0.2013;0.0043;227.36;-0.2013;0.0043;227.36;12.7967;12.3763;31.8905;2.264;78.7;-0.027;-0.027;3.5;3.5;-0.1554;97.3545;2.385;86;-0.037;-0.033;4;3.9;-0.8614;-0.002;-0.013;-0.034;-0.032;3;2;2;4;2;3;4;4;4;0;;;;;;;;;;;;;;;;;;
15;4;OPh;4;B;-11.66;-0.19974;-0.0381;226.114;-0.19974;-0.0381;226.114;11.8379;12.97;23.0181;2.251;75.3;-0.021;-0.028;2.7;3.3;-0.1003;82.1707;2.367;85.4;-0.04;-0.032;4.5;3;-0.7837;-0.005;-0.005;0.068;-0.034;0;0;5;5;2;2;4;2;0;0;;;;;;;;;;;;;;;;;;
16;2;CF3;4;B;-12.48;-0.2508;-0.0332;197.71;-0.2508;-0.0332;197.71;11.563;10.8589;16.4318;2.226;76;-0.005;-0.005;2.9;3;-0.057;74.4661;2.348;87.3;-0.001;0;4.5;4.4;-0.6321;-0.012;-0.012;0.079;0.066;4;3;3;2;0;5;1;3;3;3;;;;;;;;;;;;;;;;;;
17;5;NMe2;4;B;-23.42;-0.1642;0.0236;240.51;-0.1642;0.0236;240.51;16.3076;16.0171;37.4126;2.278;82.5;-0.022;-0.021;3.2;3.2;-0.1191;95.0333;2.388;86.3;-0.024;-0.024;2.4;2.4;-0.7942;0.031;0.032;-0.052;-0.054;3;2;2;4;1;1;4;4;4;0;;;;;;;;;;;;;;;;;;
18;3;Ph;4;B;-15.86;-0.189;-0.0477;239.2;-0.189;-0.0477;239.2;17.075;16.0535;34.8937;2.274;81.8;-0.016;-0.016;4.1;4.1;-0.1073;94.4008;2.383;87.5;-0.014;-0.015;4;4;-0.7801;0.028;0.027;-0.037;-0.036;0;1;4;0;3;1;0;1;2;4;;;;;;;;;;;;;;;;;;
19;2;C6F5;4;B;-9.14;-0.21657;-0.07767;222.356;-0.21657;-0.07767;222.356;16.0083;15.4128;23.1166;2.696;80;-0.017;-0.018;2.4;2.5;-0.0709;80.6458;2.371;87.5;-0.015;-0.015;3.1;3.1;-0.7096;-0.003;-0.002;0.031;0.021;5;0;1;3;5;2;2;5;5;1;;;;;;;;;;;;;;;;;;
20;3;o-Tol;4;B;-7.15;-0.18524;-0.0467;240.856;-0.18524;-0.0467;240.856;23.3476;22.0663;31.7305;2.283;84;-0.013;-0.016;5.9;6;-0.1025;85.1181;2.382;88.6;-0.011;-0.009;5.1;5.7;-0.7606;0.052;0.025;-0.029;-0.06;0;1;4;0;3;4;0;1;2;4;;;;;;;;;;;;;;;;;;
21;3;p-Tol;4;B;-16.57;-0.18192;-0.04288;243.279;-0.18192;-0.04288;243.279;17.0305;16.2053;35.9618;2.282;82.5;-0.015;-0.014;3.5;4;-0.1145;95.5347;2.384;87.7;-0.015;-0.014;3.2;3.6;-0.7911;0.029;0.028;-0.041;-0.046;1;1;4;0;3;1;0;1;2;4;;;;;;;;;;;;;;;;;;
22;3;p-CF3-Ph;4;B;-15.09;-0.20834;-0.0767;228.712;-0.20834;-0.0767;228.712;16.4877;16.2066;31.9852;2.269;82.1;-0.011;-0.018;2.9;4;-0.0923;91.0355;2.376;87.3;-0.009;-0.023;2.8;3.9;-0.7612;0.026;0.017;-0.034;-0.036;0;0;0;1;5;2;5;0;5;1;;;;;;;;;;;;;;;;;;
23;1;Me;5;C;-18.81;-0.1905;0.0327;233;-0.1905;0.0327;233;21.9514;15.9066;38.0256;2.29;93.8;-0.021;-0.019;4.4;4.2;-0.1398;102.1;2.389;97.5;-0.027;-0.025;4.7;4.5;-0.8336;0.011;0.011;-0.111;-0.111;3;2;2;4;1;1;4;4;4;0;;;;;;;;;;;;;;;;;;
24;1;tBu;5;C;-8.86;-0.1788;0.0225;245.67;-0.1788;0.0225;245.67;44.6321;38.5892;39.7839;2.308;97.8;-0.011;-0.007;1.8;2.4;-0.1147;91.7659;2.393;100.6;0;0.001;0.3;0.9;-0.759;0.086;0.076;-0.034;-0.055;1;5;2;0;4;0;3;0;1;2;;;;;;;;;;;;;;;;;;
25;4;OMe;5;C;-23.89;-0.2013;0.0043;227.36;-0.2013;0.0043;227.36;16.3666;12.9159;34.8285;2.275;87.1;-0.028;-0.029;2.8;3.3;-0.1661;98.5267;2.383;95.3;-0.038;-0.037;2.3;3;-0.8498;0.011;-0.002;-0.053;-0.062;3;2;2;4;2;3;4;4;4;0;;;;;;;;;;;;;;;;;;
26;4;OPh;5;C;-16.91;-0.19974;-0.0381;226.114;-0.19974;-0.0381;226.114;14.3335;13.9915;29.9402;2.272;84.4;-0.025;-0.036;2.7;2.1;-0.1261;84.4109;2.366;91.6;-0.036;-0.046;2.2;1.7;-0.7519;0.025;0.012;-0.039;-0.05;0;0;5;5;2;3;4;2;0;0;;;;;;;;;;;;;;;;;;
27;2;CF3;5;C;-13.06;-0.2508;-0.0332;197.71;-0.2508;-0.0332;197.71;15.6393;12.7722;19.0278;2.244;85.9;-0.004;-0.004;3;2.8;-0.0588;76.0305;2.351;97.1;0.002;0.003;3.1;2.9;-0.6226;0.001;0.001;-0.012;-0.016;4;3;3;2;0;5;1;3;3;3;;;;;;;;;;;;;;;;;;
28;5;NMe2;5;C;-19.40;-0.1642;0.0236;240.51;-0.1642;0.0236;240.51;23.4662;19.4144;39.9377;2.285;92.5;-0.027;-0.023;3.3;3.1;-0.1317;91.2256;2.397;96.4;-0.026;-0.023;1;1;-0.8027;0.042;0.042;-0.106;-0.103;3;2;2;4;1;1;4;4;4;0;;;;;;;;;;;;;;;;;;
29;3;Ph;5;C;-15.99;-0.189;-0.0477;239.2;-0.189;-0.0477;239.2;22.7383;18.6012;38.2829;2.294;90.9;-0.016;-0.017;3.4;3.9;-0.1146;94.1718;2.38;95.2;-0.017;-0.017;2.3;2.8;-0.7727;0.032;0.032;-0.098;-0.101;1;2;4;0;1;1;0;1;2;4;;;;;;;;;;;;;;;;;;
30;2;C6F5;5;C;-7.73;-0.21657;-0.07767;222.356;-0.21657;-0.07767;222.356;22.1918;17.4528;27.7684;2.657;89.2;-0.015;-0.017;1.6;2.6;-0.0705;80.2248;2.371;99;-0.015;-0.012;1.2;1.6;-0.6747;0.024;0.024;-0.008;-0.049;5;0;1;3;5;2;2;5;5;1;;;;;;;;;;;;;;;;;;
31;3;o-Tol;5;C;-1.26;-0.18524;-0.0467;240.856;-0.18524;-0.0467;240.856;39.1929;36.9539;29.5392;2.299;94.4;-0.011;-0.011;5.9;5.7;-0.1109;78.4125;2.383;96.3;-0.004;-0.007;3.4;2.6;-0.7282;0.078;0.044;-0.07;-0.083;1;5;4;0;3;4;0;1;2;4;;;;;;;;;;;;;;;;;;
32;3;p-Tol;5;C;-16.27;-0.18192;-0.04288;243.279;-0.18192;-0.04288;243.279;21.2379;17.2093;39.4288;2.296;91.7;-0.014;-0.015;3.1;3.7;-0.1213;95.5247;2.381;94.9;-0.016;-0.017;2;2.5;-0.7788;0.034;0.035;-0.092;-0.095;1;2;4;0;1;1;0;1;2;4;;;;;;;;;;;;;;;;;;
33;3;p-CF3-Ph;5;C;-12.83;-0.20834;-0.0767;228.712;-0.20834;-0.0767;228.712;21.2455;18.219;33.7259;2.285;89.9;-0.014;-0.015;3.4;3.7;-0.102;90.2844;2.375;96.6;-0.014;-0.015;2.5;2.6;-0.7411;0.035;0.031;-0.071;-0.09;0;0;0;1;5;2;5;0;5;1;;;;;;;;;;;;;;;;;;
34;1;Me;6;D;-15.76;-0.1905;0.0327;233;-0.1905;0.0327;233;30.82;20.5653;36.1425;2.288;102.3;-0.021;-0.021;4.6;4.6;-0.1567;98.2136;2.388;101.7;-0.024;-0.023;4.2;4;-0.8143;0.029;0.027;-0.079;-0.082;3;2;2;4;1;1;4;4;4;0;;;;;;;;;;;;;;;;;;
35;1;tBu;6;D;1.24;-0.1788;0.0225;245.67;-0.1788;0.0225;245.67;67.1321;48.8917;39.3465;2.314;108.1;-0.005;-0.015;1.9;3;-0.1271;83.0172;2.393;106;0.013;0.004;0.5;0.5;-0.7268;0.12;0.108;0.01;-0.049;1;5;2;0;4;0;3;0;1;2;;;;;;;;;;;;;;;;;;
36;4;OMe;6;D;-19.88;-0.2013;0.0043;227.36;-0.2013;0.0043;227.36;23.1481;20.025;33.0639;2.279;92.2;-0.031;-0.019;1.9;5.5;-0.1827;95.6521;2.383;93.3;-0.04;-0.024;1.2;4.7;-0.8521;0.02;0.006;-0.081;-0.062;3;2;2;4;2;3;4;4;4;0;;;;;;;;;;;;;;;;;;
37;4;OPh;6;D;-13.53;-0.19974;-0.0381;226.114;-0.19974;-0.0381;226.114;18.8239;18.6187;24.4187;2.261;85;-0.023;-0.022;0.9;5.6;-0.126;80.0854;2.363;91.9;-0.036;-0.031;1;5.4;-0.7563;0.028;0.008;0.074;-0.024;0;0;5;5;2;3;4;2;0;0;;;;;;;;;;;;;;;;;;
38;2;CF3;6;D;-9.71;-0.2508;-0.0332;197.71;-0.2508;-0.0332;197.71;20.4561;16.553;17.481;2.24;89.3;-0.007;-0.001;3.2;3.2;-0.0687;71.3022;2.344;97.6;0.002;0.009;2.9;2.2;-0.6047;0.024;0.024;0.005;0.016;4;3;3;2;0;5;1;3;3;3;;;;;;;;;;;;;;;;;;
39;5;NMe2;6;D;-14.50;-0.1642;0.0236;240.51;-0.1642;0.0236;240.51;30.9825;25.3475;39.8843;2.29;95.3;-0.022;-0.022;2.7;3.1;-0.1262;87.1079;2.379;95.5;-0.022;-0.023;1.8;1.7;-0.7731;0.07;0.061;-0.037;-0.05;3;2;2;4;1;1;4;4;4;0;;;;;;;;;;;;;;;;;;
40;3;Ph;6;D;-10.02;-0.189;-0.0477;239.2;-0.189;-0.0477;239.2;26.7431;22.3744;33.9694;2.289;93.3;-0.013;-0.009;3.1;4.2;-0.1157;86.6442;2.374;94.4;-0.013;-0.008;1.9;2.6;-0.7477;0.06;0.049;-0.053;-0.061;1;5;4;0;3;0;0;0;2;2;;;;;;;;;;;;;;;;;;
41;2;C6F5;6;D;-7.75;-0.21657;-0.07767;222.356;-0.21657;-0.07767;222.356;25.5194;22.5331;24.4288;2.668;90;-0.019;-0.007;2.7;2.9;-0.0727;78.6579;2.368;101.1;-0.016;-0.007;2.2;1.3;-0.6587;0.035;0.035;0.003;0.028;5;0;1;3;5;2;2;5;5;1;;;;;;;;;;;;;;;;;;
42;3;o-Tol;6;D;3.43;-0.18524;-0.0467;240.856;-0.18524;-0.0467;240.856;50.0846;40.323;25.3901;2.294;99.9;-0.01;-0.009;5.4;5.3;-0.1107;72.4342;2.371;99.9;-0.002;-0.006;4.5;3.9;-0.7326;0.077;0.086;-0.001;-0.061;1;5;4;0;3;4;0;1;2;4;;;;;;;;;;;;;;;;;;
43;3;p-Tol;6;D;-11.13;-0.18192;-0.04288;243.279;-0.18192;-0.04288;243.279;25.9016;23.6407;35.424;2.296;95.7;-0.013;-0.009;3.9;3.7;-0.1224;88.2776;2.374;94.8;-0.015;-0.007;2.1;2.1;-0.7557;0.062;0.05;-0.051;-0.071;1;5;4;0;3;0;0;0;2;2;;;;;;;;;;;;;;;;;;
44;3;p-CF3-Ph;6;D;-12.96;-0.20834;-0.0767;228.712;-0.20834;-0.0767;228.712;27.4823;22.3944;31.0578;2.285;97.1;-0.013;-0.008;2.9;3.8;-0.1044;84.4648;2.368;94.8;-0.012;-0.008;1.2;3;-0.7227;0.055;0.048;-0.083;-0.069;1;0;0;1;5;2;5;0;5;1;;;;;;;;;;;;;;;;;;
45;1;Me;4;E;-19.45;-0.1963;-0.0368;232.11;-0.1963;-0.0368;232.11;12.6862;11.9954;35.6995;2.268;81.9;-0.018;-0.019;4;4.2;-0.1248;101.525;2.389;87.9;-0.023;-0.023;6.2;6.3;-0.8508;-0.013;-0.013;-0.067;-0.07;3;1;4;0;3;1;0;1;4;4;;;;;;;;;;;;;;;;;;
46;1;tBu;4;E;-17.06;-0.18369;-0.03669;244.02;-0.18369;-0.03669;244.02;27.4867;25.8997;40.3148;2.29;84.3;-0.012;-0.012;3.5;3.5;-0.0998;99.2282;2.39;89.8;-0.004;-0.004;3.2;3;-0.7892;0.044;0.044;-0.033;-0.049;1;5;4;0;3;0;0;0;2;2;;;;;;;;;;;;;;;;;;
47;4;OMe;4;E;-26.85;-0.20052;-0.0442;226.636;-0.20052;-0.0442;226.636;12.092;11.8504;30.0732;2.26;77.6;-0.026;-0.029;3;3.3;-0.1491;97.3087;2.38;86.1;-0.035;-0.036;3.8;4.3;-0.857;-0.012;-0.019;-0.021;-0.032;0;2;5;4;2;3;4;4;0;0;;;;;;;;;;;;;;;;;;
48;4;OPh;4;E;-16.13;-0.19911;-0.06402;225.354;-0.19911;-0.06402;225.354;10.741;10.3067;21.5152;2.243;73.7;-0.018;-0.03;2.1;3.1;-0.1009;81.8531;2.365;85.9;-0.035;-0.037;3.6;2.6;-0.7579;-0.014;-0.007;0.102;-0.017;0;0;5;5;5;2;4;2;0;0;;;;;;;;;;;;;;;;;;
49;2;CF3;4;E;-12.27;-0.2539;-0.0772;198.26;-0.2539;-0.0772;198.26;10.0607;9.71813;14.9471;2.223;74.1;-0.006;-0.006;2.6;2.7;-0.0513;73.4715;2.346;86.6;0;0;4.7;4.7;-0.625;-0.016;-0.016;0.084;0.073;4;3;3;2;0;5;1;3;3;3;;;;;;;;;;;;;;;;;;
50;5;NMe2;4;E;-17.94;-0.1963;-0.0368;232.11;-0.1963;-0.0368;232.11;16.093;15.9261;34.8184;2.272;79.6;-0.025;-0.018;3.3;2.4;-0.1173;102.32;2.397;88.1;-0.025;-0.019;0.4;-0.7;-0.8871;0.001;0.002;-0.045;-0.045;3;2;4;0;1;1;0;1;2;4;;;;;;;;;;;;;;;;;;
51;3;Ph;4;E;-16.80;-0.1896;-0.0526;238.11;-0.1896;-0.0526;238.11;12.6461;11.8824;32.6799;2.272;80.9;-0.018;-0.013;4.3;4.7;-0.1058;95.9075;2.38;87.7;-0.019;-0.018;4.1;4.3;-0.7966;0.003;0.004;-0.062;-0.037;0;1;4;0;3;1;0;1;2;4;;;;;;;;;;;;;;;;;;
52;2;C6F5;4;E;-12.74;-0.21994;-0.08043;221.186;-0.21994;-0.08043;221.186;12.2721;11.5084;23.2152;2.642;77.5;-0.019;-0.017;3.5;2.3;-0.0602;81.4308;2.369;87.5;-0.019;-0.02;3.9;4;-0.7;-0.01;-0.009;-0.023;0.067;5;0;1;3;5;2;2;5;5;1;;;;;;;;;;;;;;;;;;
53;3;o-Tol;4;E;-8.28;-0.18768;-0.05279;239.374;-0.18768;-0.05279;239.374;18.4229;17.4741;31.706;2.278;81.5;-0.001;-0.012;2.5;4.7;-0.0996;87.8866;2.377;88.6;0.002;-0.01;1.8;4.1;-0.756;0.037;0.038;-0.043;-0.039;1;1;4;0;3;2;0;1;2;4;;;;;;;;;;;;;;;;;;
54;3;p-Tol;4;E;-17.72;-0.18431;-0.05246;242.17;-0.18431;-0.05246;242.17;12.5162;11.7556;34.6867;2.272;80.4;-0.014;-0.017;3.6;4.8;-0.1106;96.8657;2.381;87.9;-0.015;-0.017;3.4;4.4;-0.8043;0.013;0.003;-0.036;-0.056;0;1;4;0;3;1;0;1;2;4;;;;;;;;;;;;;;;;;;
55;3;p-CF3-Ph;4;E;-15.14;-0.21025;-0.08109;227.093;-0.21025;-0.08109;227.093;14.3002;14.39;28.896;2.266;80.7;-0.013;-0.01;2.7;3.6;-0.0901;91.8663;2.375;88.1;-0.015;-0.017;2.7;3.7;-0.7689;-0.002;-0.002;-0.046;-0.026;0;0;0;1;5;2;5;0;5;1;;;;;;;;;;;;;;;;;;
56;1;Me;3;F;-14.07;-0.1941;0.0175;232.11;-0.1941;0.0175;232.11;8.80259;8.78;32.5952;2.256;66.2;-0.02;-0.019;3.4;3.5;-0.1191;87.8333;2.368;72.7;-0.026;-0.025;5.9;6;-0.8202;-0.008;-0.007;-0.016;-0.017;0;1;2;4;1;1;4;4;4;0;;;;;;;;;;;;;;;;;;
57;1;tBu;3;F;-17.04;-0.17097;0.02095;247.763;-0.17097;0.02095;247.763;20.911;19.8198;35.5896;2.279;68.1;-0.006;-0.006;3.2;3;-0.0972;93.1985;2.383;74.5;-0.007;-0.009;3.3;3.2;-0.8153;0.027;0.022;-0.022;-0.023;1;1;2;4;1;1;0;4;2;0;;;;;;;;;;;;;;;;;;
58;4;OMe;3;F;-10.43;-0.1848;0.0043;230.47;-0.1848;0.0043;230.47;8.25854;8.1801;24.6063;2.25;63.5;-0.026;-0.026;3.5;3.2;-0.1385;82.6319;2.367;71.6;-0.038;-0.033;5.9;4.7;-0.8175;-0.015;-0.012;0.009;0.005;0;1;2;4;2;1;4;4;4;0;;;;;;;;;;;;;;;;;;
59;4;OPh;3;F;-5.22;-0.18187;-0.03864;232.217;-0.18187;-0.03864;232.217;7.87513;8.187;18.3746;2.234;61.8;-0.023;-0.027;3.1;2.9;-0.102;73.228;2.354;71.1;-0.039;-0.036;5.2;4.3;-0.7276;0.014;0.009;0.082;0.041;0;0;5;5;5;2;4;2;0;0;;;;;;;;;;;;;;;;;;
60;2;CF3;3;F;-3.23;-0.21233;-0.02721;203.366;-0.21233;-0.02721;203.366;7.124;7.11396;13.5195;2.214;61.1;-0.006;-0.005;2.1;1.8;-0.0417;62.7185;2.327;71.3;-0.003;-0.003;3.6;3.5;-0.5798;0.009;0.009;0.103;0.105;4;3;3;2;0;5;1;3;3;3;;;;;;;;;;;;;;;;;;
61;5;NMe2;3;F;-9.88;-0.1613;0.0195;245.3;-0.1613;0.0195;245.3;14.4935;14.4514;30.2558;2.269;65.4;-0.031;-0.033;3.7;4.8;-0.1293;97.3514;2.381;72.7;-0.036;-0.038;3;4.6;-0.8672;-0.001;-0.001;-0.029;-0.023;3;1;2;4;1;1;4;4;4;0;;;;;;;;;;;;;;;;;;
62;3;Ph;3;F;-14.60;-0.1852;-0.0462;241.21;-0.1852;-0.0462;241.21;9.6378;9.54807;31.7512;2.264;66.1;-0.018;-0.015;3.2;2.8;-0.0956;85.8177;2.366;72.9;-0.023;-0.023;4.2;4.2;-0.7791;0.013;0.01;-0.019;0.009;0;0;4;0;3;2;0;1;2;4;;;;;;;;;;;;;;;;;;
63;2;C6F5;3;F;-10.98;-0.18149;-0.08383;230.637;-0.18149;-0.08383;230.637;9.04481;9.14835;20.1291;2.713;62.2;-0.019;-0.017;2.7;2.4;-0.0627;70.5134;2.346;72;-0.022;-0.022;3.9;3.9;-0.6545;0.013;0.013;0.048;0.094;5;0;1;3;5;2;2;5;5;1;;;;;;;;;;;;;;;;;;
64;3;o-Tol;3;F;-6.55;-0.176;-0.05535;246.385;-0.176;-0.05535;246.385;13.0515;13.0941;30.2715;2.267;66.3;-0.031;-0.017;7.7;5.2;-0.0949;85.6157;2.367;72.8;-0.031;-0.017;7.5;5.2;-0.7476;0.031;0.041;-0.036;-0.024;0;1;4;0;3;4;0;1;2;4;;;;;;;;;;;;;;;;;;
65;3;p-Tol;3;F;-12.41;-0.18072;-0.04774;246.037;-0.18072;-0.04774;246.037;9.73381;10.1969;32.5883;2.265;66.4;-0.018;-0.018;3.4;3;-0.1027;87.0878;2.368;73.2;-0.022;-0.023;4.3;4.2;-0.7906;0.013;0.011;-0.017;-0.011;0;0;4;0;3;2;0;1;2;4;;;;;;;;;;;;;;;;;;
66;3;p-CF3-Ph;3;F;-9.68;-0.17804;-0.08379;236.151;-0.17804;-0.08379;236.151;11.3609;12.0449;27.7778;2.253;65.5;-0.017;-0.017;3;2.7;-0.0776;80.9859;2.36;73;-0.021;-0.022;4;3.6;-0.7473;0.006;0.004;-0.001;0.006;0;0;4;0;5;2;0;1;2;4;;;;;;;;;;;;;;;;;;
67;1;Me;5;G;-17.01;-0.1905;0.0327;233;-0.1905;0.0327;233;22.2313;17.5375;36.2397;2.283;93.3;-0.004;-0.004;3.9;4.1;-0.1427;100.527;2.388;97.1;-0.015;-0.015;4.9;4.9;-0.8296;0.014;0.014;-0.084;-0.089;3;2;2;4;1;1;4;4;4;0;;;;;;;;;;;;;;;;;;
68;1;tBu;5;G;-2.90;-0.1788;0.0225;245.67;-0.1788;0.0225;245.67;46.9709;40.0532;35.4146;2.309;99;-0.002;0;2.7;3.1;-0.1198;91.2589;2.394;99.1;0.001;0.005;0.6;1;-0.7579;0.069;0.069;-0.048;-0.052;1;5;2;0;4;0;3;0;1;2;;;;;;;;;;;;;;;;;;
69;4;OMe;5;G;-23.92;-0.2013;0.0043;227.36;-0.2013;0.0043;227.36;16.9891;13.0006;34.6879;2.274;88.5;-0.02;-0.016;-0.1;5.2;-0.1783;98.5825;2.383;95.2;-0.034;-0.028;-0.1;5.2;-0.8506;0.01;-0.001;-0.021;-0.046;3;2;2;4;2;3;4;4;4;0;;;;;;;;;;;;;;;;;;
70;4;OPh;5;G;-21.97;-0.19974;-0.0381;226.114;-0.19974;-0.0381;226.114;13.625;14.742;28.293;2.277;85.5;-0.025;-0.029;3.3;2.9;-0.1291;82.2416;2.367;91.7;-0.039;-0.045;3;2.6;-0.7518;0.026;0.014;-0.025;-0.043;0;0;5;5;2;3;4;2;0;0;;;;;;;;;;;;;;;;;;
71;2;CF3;5;G;-14.44;-0.2508;-0.0332;197.71;-0.2508;-0.0332;197.71;13.3847;11.1325;20.2483;2.246;84.5;-0.004;-0.006;3.5;3.6;-0.0562;77.2278;2.348;96.8;-0.007;-0.008;4.5;4.5;-0.6217;-0.001;0;0.002;-0.004;4;3;3;2;0;5;1;3;3;3;;;;;;;;;;;;;;;;;;
72;5;NMe2;5;G;-13.21;-0.1642;0.0236;240.51;-0.1642;0.0236;240.51;28.8578;28.1374;36.5635;2.286;93.6;-0.008;-0.008;3.3;3;-0.133;89.943;2.394;95.9;-0.011;-0.012;1.4;1.2;-0.8033;0.039;0.04;-0.09;-0.089;1;5;2;4;1;0;0;4;2;0;;;;;;;;;;;;;;;;;;
73;3;Ph;5;G;-14.92;-0.189;-0.0477;239.2;-0.189;-0.0477;239.2;25.3946;19.3843;35.6706;2.29;94;0;0.004;2.7;3.5;-0.1178;92.4581;2.382;98;0.001;-0.006;1.9;3.2;-0.759;0.042;0.03;-0.066;-0.068;1;5;4;0;5;2;0;0;2;2;;;;;;;;;;;;;;;;;;
74;2;C6F5;5;G;-10.30;-0.21657;-0.07767;222.356;-0.21657;-0.07767;222.356;21.6101;16.9935;28.6626;2.649;93.6;0.005;0.002;1.6;4;-0.0688;82.0772;2.371;98.9;0;0;1.3;2.4;-0.6712;0.027;0.025;-0.016;-0.05;5;0;1;3;5;2;2;5;5;1;;;;;;;;;;;;;;;;;;
75;3;o-Tol;5;G;-4.48;-0.18524;-0.0467;240.856;-0.18524;-0.0467;240.856;36.0622;29.3372;31.3471;2.295;97.6;-0.006;0.008;5.3;5.4;-0.1118;85.5316;2.382;98.7;-0.022;-0.008;3.8;3.9;-0.749;0.036;0.037;-0.059;-0.051;1;5;4;0;3;4;0;1;2;4;;;;;;;;;;;;;;;;;;
76;3;p-Tol;5;G;-16.95;-0.18192;-0.04288;243.279;-0.18192;-0.04288;243.279;25.505;19.3912;37.4477;2.294;95.1;0;0.002;2.4;3.5;-0.123;94.5106;2.379;96.8;-0.006;-0.008;2.2;3.6;-0.7773;0.037;0.035;-0.064;-0.062;1;5;4;0;3;2;0;0;2;2;;;;;;;;;;;;;;;;;;
77;3;p-CF3-Ph;5;G;-14.75;-0.20834;-0.0767;228.712;-0.20834;-0.0767;228.712;25.1636;18.42;33.0539;2.285;94.5;0.002;0.003;2.1;3.6;-0.1036;90.4004;2.374;98.8;-0.005;-0.006;1.5;3.3;-0.7367;0.031;0.028;-0.064;-0.063;1;0;4;1;5;2;5;0;2;1;;;;;;;;;;;;;;;;;;
78;1;Me;6;H;-22.00;-0.1897;-0.0027;230.61;-0.1897;-0.0027;230.61;22.3894;15.2961;35.2797;2.281;97.1;-0.024;-0.025;3.9;4.5;-0.1752;102.679;2.394;102.2;-0.028;-0.027;3.8;3.7;-0.8643;0.003;0.003;-0.083;-0.122;3;2;2;4;1;1;4;4;4;0;;;;;;;;;;;;;;;;;;
79;1;tBu;6;H;-5.12;-0.183;-0.0061;241.67;-0.183;-0.0061;241.67;76.2686;44.9553;35.2583;2.302;109.7;-0.014;-0.012;2;2.6;-0.15;86.6617;2.392;107.9;0.002;0.004;-0.2;-0.4;-0.7627;0.061;0.08;0.025;0.012;1;5;2;0;4;0;3;0;1;2;;;;;;;;;;;;;;;;;;
80;4;OMe;6;H;-20.83;-0.2074;-0.0003;223.6;-0.2074;-0.0003;223.6;16.6151;13.807;28.0031;2.269;91.2;-0.031;-0.024;1.4;4.9;-0.199;92.9092;2.377;99.3;-0.041;-0.032;1.3;4.2;-0.8541;0.004;0.002;-0.054;-0.071;3;2;2;4;2;3;4;4;4;0;;;;;;;;;;;;;;;;;;
81;4;OPh;6;H;-10.93;-0.20173;-0.04006;221.508;-0.20173;-0.04006;221.508;20.5345;15.6211;17.8688;2.256;86;-0.028;-0.027;1;4.3;-0.1492;77.1544;2.365;96.4;-0.039;-0.037;1.2;3.9;-0.7441;0.007;0.002;0.078;-0.013;0;0;5;5;2;3;4;2;0;0;;;;;;;;;;;;;;;;;;
82;2;CF3;6;H;-16.17;-0.2518;-0.0552;195.58;-0.2518;-0.0552;195.58;16.3013;13.8352;16.3107;2.233;82.2;-0.004;-0.007;1.4;2.5;-0.0812;77.5955;2.359;104.1;0.002;0.007;1.9;1.7;-0.6455;-0.016;-0.015;0.104;0.002;4;3;3;2;0;5;1;3;3;3;;;;;;;;;;;;;;;;;;
83;5;NMe2;6;H;-14.77;-0.1722;0.0112;239.04;-0.1722;0.0112;239.04;23.7474;18.7411;33.8533;2.28;94.2;-0.029;-0.025;3;3;-0.1553;93.9948;2.389;95.2;-0.031;-0.029;1.4;2.2;-0.8535;0.029;0.022;-0.054;-0.072;3;2;2;4;1;1;4;4;4;0;;;;;;;;;;;;;;;;;;
84;3;Ph;6;H;-18.17;-0.1922;-0.0587;239.45;-0.1922;-0.0587;239.45;21.3063;17.2451;33.2133;2.28;92;-0.02;-0.021;3;4.2;-0.1416;92.4292;2.376;96;-0.02;-0.017;2.7;2.4;-0.7846;0.028;0.021;-0.036;-0.09;3;2;4;0;1;1;0;1;2;4;;;;;;;;;;;;;;;;;;
85;2;C6F5;6;H;-12.80;-0.21887;-0.08562;221.658;-0.21887;-0.08562;221.658;21.1739;17.4967;21.8259;2.765;87.1;-0.017;-0.022;1;2.8;-0.0971;83.6761;2.379;102.9;-0.023;-0.022;1.9;1.9;-0.6955;0.001;0.001;0.1;-0.045;5;0;1;3;5;2;2;5;5;1;;;;;;;;;;;;;;;;;;
86;3;o-Tol;6;H;-9.36;-0.18528;-0.05694;240.423;-0.18528;-0.05694;240.423;28.8804;21.9897;31.8196;2.284;98.2;-0.019;-0.019;4.9;5.1;-0.1377;84.734;2.373;99;-0.016;-0.011;3.7;3.6;-0.7611;0.056;0.052;-0.047;-0.05;1;5;4;0;3;4;0;1;2;4;;;;;;;;;;;;;;;;;;
87;3;p-Tol;6;H;-18.67;-0.18277;-0.05457;243.338;-0.18277;-0.05457;243.338;22.5444;17.498;34.4859;2.286;94;-0.019;-0.022;2.7;3.7;-0.1491;93.843;2.378;96.6;-0.021;-0.018;2.3;1.9;-0.7962;0.032;0.022;-0.048;-0.087;3;2;4;0;1;1;0;1;2;4;;;;;;;;;;;;;;;;;;
88;3;p-CF3-Ph;6;H;-18.43;-0.20796;-0.08328;227.729;-0.20796;-0.08328;227.729;23.4895;16.7023;30.9122;2.278;94.2;-0.018;-0.02;1.3;3.6;-0.1282;91.3154;2.376;99.5;-0.019;-0.017;0.8;2.4;-0.7712;0.021;0.009;-0.043;-0.082;0;0;0;1;5;2;5;0;5;1;;;;;;;;;;;;;;;;;;
89;1;Me;6;I;-17.92;-0.1941;0.0175;232.11;-0.1897;-0.0027;230.61;22.7772;17.8099;35.9919;2.284;95.5;-0.019;-0.023;3.8;4.1;-0.156;97.2202;2.383;96.5;-0.015;-0.025;2.4;3.9;-0.8325;0.043;-0.006;-0.087;-0.108;3;2;2;4;1;1;4;4;4;0;;;;;;;;;;;;;;;;;;
90;1;tBu;6;I;4.92;-0.17097;0.02095;247.763;-0.183;-0.0061;241.67;68.4781;52.2037;32.1327;2.304;107.5;-0.006;-0.017;1;2.6;-0.1342;76.5626;2.397;108.7;0.025;-0.005;-0.2;0.6;-0.7223;0.182;0.052;0.09;-0.023;2;5;2;0;4;0;3;0;1;2;;;;;;;;;;;;;;;;;;
91;4;OMe;6;I;-16.75;-0.1848;0.0043;230.47;-0.2074;-0.0003;223.6;22.3505;20.4642;28.362;2.275;92.3;-0.03;-0.033;0.2;3.7;-0.1917;88.1264;2.378;100.4;-0.035;-0.041;-1;3.2;-0.8205;0.046;-0.018;-0.043;-0.085;3;2;2;4;2;3;4;4;4;0;;;;;;;;;;;;;;;;;;
92;4;OPh;6;I;-9.45;-0.18187;-0.03864;232.217;-0.20173;-0.04006;221.508;19.6202;17.8532;19.602;2.253;83.1;-0.02;-0.026;-1.4;0.6;-0.131;76.5061;2.363;93.2;-0.037;-0.035;0;1.2;-0.7751;0.032;0;0.094;0.004;0;0;5;5;5;3;4;2;0;0;;;;;;;;;;;;;;;;;;
93;2;CF3;6;I;-7.83;-0.21233;-0.02721;203.366;-0.2518;-0.0552;195.58;22.7923;19.6893;14.9226;2.238;86.8;-0.004;-0.009;1.6;3.2;-0.0836;68.1458;2.357;99.4;0.01;0.007;1.4;2.8;-0.6317;0.033;-0.016;0.083;-0.018;4;3;3;2;0;5;1;3;3;3;;;;;;;;;;;;;;;;;;
94;5;NMe2;6;I;-13.94;-0.1613;0.0195;245.3;-0.1722;0.0112;239.04;32.348;30.0582;36.6012;2.292;92.4;-0.038;-0.033;2.7;5.5;-0.1623;94.7529;2.4;97.3;-0.044;-0.037;2.5;2.8;-0.8799;0.043;0.007;-0.089;-0.074;3;2;2;4;1;1;4;4;4;0;;;;;;;;;;;;;;;;;;
95;3;Ph;6;I;-11.59;-0.1852;-0.0462;241.21;-0.1922;-0.0587;239.45;24.4715;22.2351;32.7006;2.293;92.9;-0.015;-0.022;3;4.3;-0.1336;87.0012;2.376;96.5;-0.011;-0.022;1.8;2.7;-0.7711;0.072;0.009;-0.06;-0.094;1;2;4;0;1;1;0;1;2;4;;;;;;;;;;;;;;;;;;
96;2;C6F5;6;I;-6.45;-0.18149;-0.08383;230.637;-0.21887;-0.08562;221.658;26.3346;24.7283;21.2253;2.26;86.3;-0.005;-0.022;1;2.3;-0.0935;78.3071;2.377;103.9;-0.009;-0.023;1.8;1.3;-0.683;0.026;0;0.104;-0.035;0;0;0;1;5;2;5;0;5;1;;;;;;;;;;;;;;;;;;
97;3;o-Tol;6;I;-1.61;-0.176;-0.05535;246.385;-0.18528;-0.05694;240.423;47.0104;31.6521;27.6554;2.298;104.9;0.003;-0.021;3.1;5.1;-0.1267;79.2358;2.383;103;-0.004;-0.023;3;3.2;-0.7436;0.078;0.053;-0.022;-0.041;1;5;4;0;3;4;0;1;2;4;;;;;;;;;;;;;;;;;;
98;3;p-Tol;6;I;-13.31;-0.18072;-0.04774;246.037;-0.18277;-0.05457;243.338;23.977;21.553;35.0776;2.297;94.1;-0.017;-0.022;2.7;4.2;-0.1375;89.9631;2.383;99.3;-0.013;-0.021;1.5;2.5;-0.7753;0.069;0.005;-0.054;-0.098;1;2;4;0;1;1;0;1;2;4;;;;;;;;;;;;;;;;;;
99;3;p-CF3-Ph;6;I;-12.42;-0.17804;-0.08379;236.151;-0.20796;-0.08328;227.729;24.4495;21.3559;31.1594;2.285;92.7;-0.024;-0.021;3.5;4.7;-0.1209;85.0685;2.371;96.4;-0.019;-0.021;1.8;2.8;-0.7491;0.068;0.01;-0.06;-0.107;0;0;4;1;5;2;5;0;2;1;;;;;;;;;;;;;;;;;;
100;1;Me;4;J;-20.71;-0.1884;-0.0394;237.05;-0.1884;-0.0394;237.05;14.3209;13.1763;35.4096;2.272;81.3;-0.017;-0.017;3.3;3.3;-0.1204;103.3;2.388;88.3;-0.024;-0.024;4.9;4.9;-0.8472;-0.014;-0.014;-0.09;-0.088;3;1;4;0;3;1;0;1;2;4;;;;;;;;;;;;;;;;;;
101;1;tBu;4;J;-17.02;-0.1804;-0.046;248.87;-0.1804;-0.046;248.87;30.8803;28.2792;43.4316;2.298;84.3;-0.012;-0.012;2.7;2.7;-0.0907;99.5357;2.39;89.9;-0.003;-0.002;2;2;-0.7777;0.053;0.054;-0.068;-0.072;1;5;4;0;1;0;0;0;2;2;;;;;;;;;;;;;;;;;;
102;4;OMe;4;J;-24.07;-0.2011;-0.0492;232.16;-0.2011;-0.0492;232.16;11.8347;10.8778;29.831;2.261;76.8;-0.028;-0.029;2.8;3.5;-0.1451;97.6513;2.381;86.2;-0.04;-0.038;3.3;3.9;-0.8537;-0.013;-0.017;-0.036;-0.064;3;2;5;4;2;3;4;4;4;0;;;;;;;;;;;;;;;;;;
103;4;OPh;4;J;-14.76;-0.1929;-0.0616;231.5;-0.1929;-0.0616;231.5;10.3149;10.4969;22.8525;2.246;72.3;-0.023;-0.03;2.5;3.5;-0.0935;82.0998;2.366;86.7;-0.041;-0.036;3.2;3.1;-0.7511;-0.017;0;0.057;-0.039;0;0;5;5;5;2;4;2;0;0;;;;;;;;;;;;;;;;;;
104;2;CF3;4;J;-15.51;-0.2432;-0.0767;205.51;-0.2432;-0.0767;205.51;9.66855;8.84463;18.1436;2.229;73.6;-0.004;-0.004;2.3;2.3;-0.0462;76.8255;2.344;86.7;0;0;3.7;3.7;-0.6277;-0.014;-0.014;0.033;0.029;4;3;3;2;0;5;1;3;3;3;;;;;;;;;;;;;;;;;;
105;5;NMe2;4;J;-22.01;-0.17037;-0.03991;241.81;-0.17037;-0.03991;241.81;15.7341;15.0018;35.6951;2.278;77.8;-0.019;-0.031;2.6;3.3;-0.1224;105.773;2.398;86.7;-0.025;-0.042;0.7;3.9;-0.8985;0.001;0;-0.06;-0.051;3;2;4;0;1;1;0;1;4;4;;;;;;;;;;;;;;;;;;
106;3;Ph;4;J;-16.32;-0.1869;-0.0506;241.3;-0.1869;-0.0506;241.3;14.1232;13.2974;36.3395;2.277;77.9;-0.017;-0.016;3.1;3.3;-0.0946;95.7205;2.376;86;-0.018;-0.018;3.3;3.6;-0.786;0.01;0.01;-0.066;-0.056;0;1;4;0;3;1;0;1;2;4;;;;;;;;;;;;;;;;;;
107;2;C6F5;4;J;-13.46;-0.2132;-0.078;226.39;-0.2132;-0.078;226.39;13.9651;13.4631;22.3486;2.7;75.4;-0.014;-0.012;1.2;0.7;-0.0725;84.4774;2.368;88;-0.014;-0.013;2.1;2;-0.6996;-0.006;-0.008;0.035;0.036;5;0;1;3;5;2;2;5;5;1;;;;;;;;;;;;;;;;;;
108;3;o-Tol;4;J;-4.39;-0.1836;-0.0505;243.55;-0.1836;-0.0505;243.55;28.6444;28.0138;27.742;2.286;80.9;-0.009;-0.009;4.4;4.3;-0.0841;80.1557;2.372;85.4;-0.007;-0.008;3.7;3.7;-0.7417;0.06;0.059;-0.046;-0.042;1;1;4;0;3;4;0;1;2;4;;;;;;;;;;;;;;;;;;
109;3;p-Tol;4;J;-17.39;-0.18205;-0.04704;244.994;-0.18205;-0.04704;244.994;13.652;13.086;37.6912;2.28;78.5;-0.016;-0.016;3.6;2.9;-0.1003;97.283;2.378;86.6;-0.019;-0.016;3.8;3.2;-0.7949;0.011;0.012;-0.06;-0.067;0;1;4;0;3;1;0;1;2;4;;;;;;;;;;;;;;;;;;
110;3;p-CF3-Ph;4;J;-15.35;-0.20381;-0.07711;232.242;-0.20381;-0.07711;232.242;13.8384;13.0025;33.6456;2.271;77;-0.012;-0.016;3;3.3;-0.0802;91.2846;2.369;85.2;-0.013;-0.016;3.3;3.9;-0.7557;0.011;0.013;-0.053;-0.054;0;0;0;1;5;2;5;0;5;1;;;;;;;;;;;;;;;;;;
111;1;Me;6;K;-20.57;-0.1923;-0.0329;236.79;-0.1923;-0.0329;236.79;24.233;16.0183;40.6875;2.296;101.7;-0.02;-0.02;4.4;4.3;-0.1437;103.206;2.387;101.7;-0.025;-0.025;3.6;3.6;-0.8048;0.025;0.025;-0.111;-0.112;3;2;4;0;1;1;0;1;4;4;;;;;;;;;;;;;;;;;;
112;1;tBu;6;K;-2.47;-0.18216;-0.03031;247.13;-0.18216;-0.03031;247.13;50.3682;42.8757;38.527;2.314;102.7;-0.005;-0.006;2.8;1.8;-0.1166;84.9097;2.39;104.5;0.007;0.007;0.3;0.4;-0.7241;0.106;0.088;-0.051;-0.039;1;5;4;0;4;0;3;0;1;2;;;;;;;;;;;;;;;;;;
113;4;OMe;6;K;-22.26;-0.2013;0.0043;227.36;-0.2013;0.0043;227.36;21.3417;16.8071;33.48;2.279;95.8;-0.038;-0.024;0.8;5.4;-0.1862;95.8974;2.384;99.8;-0.047;-0.032;-0.5;4.2;-0.8354;0.017;0.009;-0.083;-0.073;3;2;2;4;2;3;4;4;4;0;;;;;;;;;;;;;;;;;;
114;4;OPh;6;K;-14.14;-0.19974;-0.0381;226.114;-0.19974;-0.0381;226.114;19.1854;15.404;23.3137;2.265;87.7;-0.036;-0.02;-0.2;6.4;-0.1294;80.4243;2.365;94.6;-0.045;-0.023;-0.6;5.1;-0.728;0.011;0.018;-0.014;0.032;0;0;5;5;2;3;4;2;0;0;;;;;;;;;;;;;;;;;;
115;2;CF3;6;K;-13.16;-0.2508;-0.0332;197.71;-0.2508;-0.0332;197.71;17.776;12.6078;18.8433;2.235;91;-0.002;-0.002;2.2;2.3;-0.0799;76.9623;2.349;101.7;0.006;0.006;2.5;2.5;-0.5992;0.015;0.015;0.03;0.027;4;3;3;2;0;5;1;3;3;3;;;;;;;;;;;;;;;;;;
116;5;NMe2;6;K;-11.61;-0.1642;0.0236;240.51;-0.1642;0.0236;240.51;32.2507;29.9835;32.0756;2.297;98.7;-0.005;-0.012;-2.3;-0.5;-0.1515;82.4825;2.398;93.3;-0.025;-0.025;1.5;1.7;-0.8347;0.032;0.032;-0.022;-0.076;1;5;2;4;1;1;0;4;4;0;;;;;;;;;;;;;;;;;;
117;3;Ph;6;K;-15.55;-0.189;-0.0477;239.2;-0.189;-0.0477;239.2;24.8166;20.0112;36.4092;2.296;97.4;-0.011;-0.01;2.5;2.7;-0.113;92.576;2.38;100.7;-0.012;-0.011;1.5;1.6;-0.739;0.044;0.045;-0.058;-0.065;1;5;4;0;4;0;0;0;2;2;;;;;;;;;;;;;;;;;;
118;2;C6F5;6;K;-7.63;-0.21657;-0.07767;222.356;-0.21657;-0.07767;222.356;27.0932;20.7679;24.2556;2.263;93.2;-0.01;-0.013;2.3;2.4;-0.0871;80.1018;2.375;102.4;-0.008;-0.013;1.5;1.4;-0.6635;0.021;0.022;0.049;-0.014;0;0;0;1;5;2;5;0;5;1;;;;;;;;;;;;;;;;;;
119;3;o-Tol;6;K;2.39;-0.18524;-0.0467;240.856;-0.18524;-0.0467;240.856;47.0964;30.3858;29.3371;2.291;106.6;-0.012;-0.012;4.8;4.5;-0.1238;76.3969;2.379;104.7;-0.006;-0.003;3.5;4;-0.7322;0.05;0.05;-0.053;-0.049;1;5;4;0;3;4;0;1;2;4;;;;;;;;;;;;;;;;;;
120;3;p-Tol;6;K;-17.16;-0.18192;-0.04288;243.279;-0.18192;-0.04288;243.279;25.0068;18.977;37.9171;2.296;98.4;-0.011;-0.009;2.2;2.4;-0.1194;94.6637;2.382;101.1;-0.012;-0.01;0.9;1;-0.7424;0.049;0.05;-0.06;-0.057;1;5;4;0;4;0;0;0;2;2;;;;;;;;;;;;;;;;;;
121;3;p-CF3-Ph;6;K;-15.95;-0.20834;-0.0767;228.712;-0.20834;-0.0767;228.712;26.2417;18.357;34.11;2.287;98.9;-0.011;-0.006;1.5;1.1;-0.1023;90.9445;2.375;100.7;-0.014;-0.005;0.9;0.6;-0.7128;0.042;0.043;-0.036;-0.036;1;0;0;0;5;4;5;0;5;1;;;;;;;;;;;;;;;;;;
122;1;Me;6;L;-22.18;-0.1897;-0.0027;230.61;-0.1897;-0.0027;230.61;22.8701;14.2061;31.5667;2.27;94.7;-0.024;-0.023;4.8;4.7;-0.1794;102.488;2.394;100.7;-0.029;-0.028;4.6;4.5;-0.8492;-0.004;-0.004;-0.068;-0.078;3;2;2;4;1;1;4;4;4;0;;;;;;;;;;;;;;;;;;
123;1;tBu;6;L;-3.10;-0.183;-0.0061;241.67;-0.183;-0.0061;241.67;54.452;42.567;27.2933;2.301;97.9;-0.012;-0.011;2.9;2.7;-0.143;83.4558;2.391;103.3;0.002;0.002;1;0.7;-0.7776;0.051;0.051;-0.038;-0.041;1;5;2;0;4;0;3;0;1;2;;;;;;;;;;;;;;;;;;
124;4;OMe;6;L;-19.15;-0.2074;-0.0003;223.6;-0.2074;-0.0003;223.6;21.1081;16.6264;25.4842;2.265;90.9;-0.029;-0.028;1.4;3.1;-0.1904;90.5843;2.376;100.6;-0.041;-0.037;1.3;2.9;-0.8361;0.003;-0.004;-0.03;-0.037;3;2;2;4;2;3;4;4;4;0;;;;;;;;;;;;;;;;;;
125;4;OPh;6;L;-10.93;-0.20173;-0.04006;221.508;-0.20173;-0.04006;221.508;13.8227;12.621;17.6592;2.254;81.6;-0.025;-0.03;1.3;3.4;-0.1504;74.852;2.363;94.1;-0.041;-0.04;0.6;3.2;-0.7527;0.015;-0.006;0.067;-0.019;0;0;5;5;2;3;4;2;0;0;;;;;;;;;;;;;;;;;;
126;2;CF3;6;L;-17.44;-0.2518;-0.0552;195.58;-0.2518;-0.0552;195.58;18.4079;14.4357;12.6661;2.228;86.6;-0.007;-0.01;3.1;2.8;-0.0976;77.7718;2.352;100;-0.001;-0.004;3.1;2.7;-0.6364;-0.015;-0.015;0.052;0.044;4;3;3;2;0;5;1;3;3;3;;;;;;;;;;;;;;;;;;
127;5;NMe2;6;L;-17.69;-0.1722;0.0112;239.04;-0.1722;0.0112;239.04;24.2362;20.436;32.2701;2.285;94;-0.039;-0.038;5.5;5.5;-0.1595;97.5867;2.392;101.3;-0.043;-0.043;2.7;2.7;-0.8509;0.022;0.023;-0.051;-0.052;3;2;2;4;1;1;4;4;4;0;;;;;;;;;;;;;;;;;;
128;3;Ph;6;L;-19.38;-0.1922;-0.0587;239.45;-0.1922;-0.0587;239.45;22.3706;18.5729;33.01;2.284;93.2;-0.019;-0.018;4.2;4.2;-0.1462;95.8133;2.383;99.1;-0.019;-0.019;3.2;3;-0.7834;0.012;0.013;-0.065;-0.069;3;2;4;0;1;1;0;1;2;4;;;;;;;;;;;;;;;;;;
129;2;C6F5;6;L;-13.54;-0.21887;-0.08562;221.658;-0.21887;-0.08562;221.658;20.6023;16.5254;20.99;2.256;87.6;-0.018;-0.024;3.4;3.4;-0.1013;81.8657;2.38;100.5;-0.023;-0.027;2.6;3.3;-0.6795;-0.006;-0.008;0.058;-0.026;0;0;0;1;5;2;5;0;5;1;;;;;;;;;;;;;;;;;;
130;3;o-Tol;6;L;-6.54;-0.18528;-0.05694;240.423;-0.18528;-0.05694;240.423;32.0022;28.2661;28.1417;2.286;96.6;-0.015;-0.016;4;3.6;-0.1397;81.9002;2.38;101.6;-0.01;-0.011;3.1;2.6;-0.7444;0.041;0.043;-0.038;-0.039;1;5;4;0;3;4;0;1;2;4;;;;;;;;;;;;;;;;;;
131;3;p-Tol;6;L;-19.95;-0.18277;-0.05457;243.338;-0.18277;-0.05457;243.338;22.5764;18.8992;34.3215;2.286;94.3;-0.021;-0.017;3.7;3.8;-0.1499;97.239;2.384;98.5;-0.022;-0.019;2.4;2.5;-0.7872;0.015;0.017;-0.068;-0.06;3;2;4;0;1;1;0;1;2;4;;;;;;;;;;;;;;;;;;
132;3;p-CF3-Ph;6;L;-17.53;-0.20796;-0.08328;227.729;-0.20796;-0.08328;227.729;21.4425;18.62;30.045;2.274;90.8;-0.021;-0.021;3.7;3.3;-0.132;93.2255;2.378;97.6;-0.023;-0.021;2.6;2.1;-0.7518;0.008;0.011;-0.07;-0.062;0;0;0;1;5;2;5;0;5;1;;;;;;;;;;;;;;;;;;
133;1;Me;5;M;-18.23;-0.1884;-0.0394;237.05;-0.1923;-0.0329;236.79;18.1675;15.4297;36.0458;2.277;89.7;-0.019;-0.02;4.4;4.1;-0.1325;99.5182;2.385;94.1;-0.027;-0.023;4.9;4.2;-0.8249;-0.001;0.024;-0.101;-0.072;3;2;4;0;3;1;0;1;4;4;;;;;;;;;;;;;;;;;;
134;1;tBu;5;M;-4.04;-0.1804;-0.046;248.87;-0.18216;-0.03031;247.13;42.3976;38.4305;39.703;2.308;94.6;-0.013;0;2.9;1.4;-0.1058;86.3643;2.402;98.5;-0.006;0.012;1.5;0.4;-0.7594;0.039;0.092;-0.118;-0.015;1;5;4;0;4;0;3;0;1;2;;;;;;;;;;;;;;;;;;
135;4;OMe;5;M;-20.76;-0.2011;-0.0492;232.16;-0.2013;0.0043;227.36;15.7353;14.2914;32.7464;2.27;85.3;-0.03;-0.026;3.3;3;-0.1632;95.7067;2.381;90.9;-0.041;-0.033;3;2.5;-0.8479;0.001;0.004;-0.061;-0.054;3;2;5;4;2;3;4;4;4;0;;;;;;;;;;;;;;;;;;
136;4;OPh;5;M;-15.33;-0.1929;-0.0616;231.5;-0.19974;-0.0381;226.114;15.0777;14.784;23.8006;2.254;82.6;-0.027;-0.03;2.6;3.1;-0.1181;80.0509;2.366;90.4;-0.038;-0.037;2.9;3.2;-0.7457;0.001;-0.007;0.043;-0.025;0;0;5;5;2;3;4;2;0;0;;;;;;;;;;;;;;;;;;
137;2;CF3;5;M;-11.06;-0.2432;-0.0767;205.51;-0.2508;-0.0332;197.71;14.405;13.0577;17.2212;2.232;81.9;-0.007;-0.001;3.1;2.3;-0.0654;71.8908;2.346;92.8;-0.003;0.012;3.8;2;-0.615;-0.004;0.017;0.009;0.057;4;3;3;2;0;5;1;3;3;3;;;;;;;;;;;;;;;;;;
138;5;NMe2;5;M;-19.98;-0.17037;-0.03991;241.81;-0.1642;0.0236;240.51;22.1685;20.7836;37.6454;2.285;89;-0.022;-0.022;2.9;2.7;-0.1166;101.847;2.402;93.9;-0.028;-0.024;-0.3;0.4;-0.8824;0.004;0.028;-0.04;-0.071;3;2;2;0;1;1;0;4;4;0;;;;;;;;;;;;;;;;;;
139;3;Ph;5;M;-16.50;-0.1869;-0.0506;241.3;-0.189;-0.0477;239.2;17.7691;15.7385;37.422;2.284;88.9;-0.014;-0.014;3.2;3.4;-0.1063;94.0419;2.377;92.8;-0.015;-0.014;2.8;2.9;-0.7683;0.029;0.033;-0.062;-0.065;1;1;4;0;3;1;0;1;2;4;;;;;;;;;;;;;;;;;;
140;2;C6F5;5;M;-9.41;-0.2132;-0.078;226.39;-0.21657;-0.07767;222.356;19.3479;18.0477;24.0115;2.252;85.3;-0.015;-0.014;1.9;1.9;-0.0754;82.3294;2.368;94;-0.016;-0.013;2.2;2.6;-0.6838;0.001;0.026;0.036;0.073;0;0;0;1;5;2;5;0;5;1;;;;;;;;;;;;;;;;;;
141;3;o-Tol;5;M;0.07;-0.1836;-0.0505;243.55;-0.18524;-0.0467;240.856;33.3301;29.8969;24.2738;2.284;91;-0.01;-0.005;5;4.7;-0.096;78.4571;2.379;95.8;-0.005;-0.003;4.4;4;-0.7505;0.041;0.059;-0.068;-0.068;1;5;4;0;3;4;0;1;2;4;;;;;;;;;;;;;;;;;;
142;3;p-Tol;5;M;-17.96;-0.18205;-0.04704;244.994;-0.18192;-0.04288;243.279;18.6275;16.4821;37.8907;2.283;89.5;-0.019;-0.016;4.3;3;-0.1111;94.7667;2.382;93.5;-0.019;-0.018;3.6;2.6;-0.7756;0.033;0.038;-0.066;-0.048;1;1;4;0;1;1;0;1;2;4;;;;;;;;;;;;;;;;;;
143;3;p-CF3-Ph;5;M;-18.59;-0.20381;-0.07711;232.242;-0.20834;-0.0767;228.712;22.0223;16.4;33.2804;2.276;88.7;-0.017;-0.012;3.2;2.6;-0.0933;91.6868;2.372;93.9;-0.019;-0.011;3.7;2.6;-0.7508;0.015;0.031;-0.053;-0.057;0;0;0;1;5;2;5;0;5;1;;;;;;;;;;;;;;;;;;
144;1;Me;7;N;-3.07;-0.1923;-0.0329;236.79;-0.1923;-0.0329;236.79;140.949;30.9123;36.0339;2.294;122.4;-0.018;-0.018;4.7;4.9;-0.158;75.4055;2.384;118.3;-0.009;-0.008;1.9;1.8;-0.6587;0.149;0.153;-0.038;-0.042;2;4;0;1;4;0;3;0;1;5;;;;;;;;;;;;;;;;;;
145;1;tBu;7;N;24.83;-0.18216;-0.03031;247.13;-0.18216;-0.03031;247.13;122.202;66.7299;32.6447;2.3;128.2;-0.002;-0.001;1.8;1.9;-0.13;53.3987;2.364;124.3;0.023;0.022;-0.7;-0.6;-0.5288;0.366;0.35;0.106;0.101;2;4;0;1;4;0;3;0;1;5;;;;;;;;;;;;;;;;;;
146;4;OMe;7;N;-3.79;-0.2013;0.0043;227.36;-0.2013;0.0043;227.36;131.673;38.3809;26.6395;2.284;121.5;-0.023;-0.022;2.9;3.2;-0.1885;69.7177;2.375;109.9;-0.021;-0.018;0.8;1.8;-0.7263;0.139;0.064;0.081;0.009;2;4;0;1;4;0;3;0;1;5;;;;;;;;;;;;;;;;;;
147;4;OPh;7;N;3.73;-0.19974;-0.0381;226.114;-0.19974;-0.0381;226.114;133.823;39.4539;18.1173;2.271;111.6;-0.022;-0.017;1.5;6.1;-0.1398;59.5402;2.363;111.8;-0.019;-0.014;-0.1;3.8;-0.6068;0.136;0.097;0.099;0.016;2;4;0;1;0;0;3;0;1;5;;;;;;;;;;;;;;;;;;
148;2;CF3;7;N;6.78;-0.2508;-0.0332;197.71;-0.2508;-0.0332;197.71;136.421;30.3243;17.4232;2.246;116.6;-0.007;-0.007;3.5;3.4;-0.0776;50.3798;2.34;112.8;0.017;0.017;0.9;0.8;-0.4775;0.163;0.161;0.082;0.084;4;3;3;2;0;5;1;3;3;3;;;;;;;;;;;;;;;;;;
149;5;NMe2;7;N;6.82;-0.1642;0.0236;240.51;-0.1642;0.0236;240.51;132.401;48.4047;30.1793;2.307;124.9;-0.016;-0.024;2.4;2.5;-0.1636;69.0683;2.394;114.4;-0.006;-0.016;-2.8;0.4;-0.7441;0.134;0.18;0.027;0.037;2;4;0;0;4;0;3;0;1;5;;;;;;;;;;;;;;;;;;
150;3;Ph;7;N;5.63;-0.189;-0.0477;239.2;-0.189;-0.0477;239.2;133.678;37.0656;35.8865;2.309;122.2;-0.011;-0.014;4.1;3.9;-0.1236;65.5335;2.368;113.8;0.001;-0.001;0.6;0.9;-0.601;0.165;0.162;-0.002;-0.001;2;4;0;1;4;0;3;0;1;5;;;;;;;;;;;;;;;;;;
151;2;C6F5;7;N;15.70;-0.21657;-0.07767;222.356;-0.21657;-0.07767;222.356;117.117;47.0405;22.6115;2.281;126.6;-0.009;-0.013;2.5;3.4;-0.0893;58.4558;2.364;119.7;0.005;0.001;0.1;-0.2;-0.5028;0.15;0.156;0.107;0.067;2;4;0;1;0;4;3;0;1;5;;;;;;;;;;;;;;;;;;
152;3;o-Tol;7;N;22.81;-0.18524;-0.0467;240.856;-0.18524;-0.0467;240.856;108.178;56.0867;26.7976;2.302;121.1;-0.007;-0.004;4.8;4.6;-0.1161;48.132;2.367;110.1;0.01;0.009;2.1;1.9;-0.5858;0.243;0.229;0.05;0.055;2;4;0;1;4;0;3;0;1;5;;;;;;;;;;;;;;;;;;
153;3;p-Tol;7;N;3.53;-0.18192;-0.04288;243.279;-0.18192;-0.04288;243.279;131.068;35.9135;37.9271;2.313;123.9;-0.011;-0.01;3.5;3.2;-0.1264;67.4443;2.371;113.9;0;0.002;0.1;0;-0.6085;0.17;0.168;0.003;-0.01;2;4;0;1;4;0;3;0;1;5;;;;;;;;;;;;;;;;;;
154;3;p-CF3-Ph;7;N;6.08;-0.20834;-0.0767;228.712;-0.20834;-0.0767;228.712;86.4782;38.5735;31.4249;2.301;116.8;-0.009;-0.014;3.7;4.1;-0.1047;62.6978;2.366;112.7;0.003;0;-0.1;0.5;-0.5782;0.169;0.167;-0.027;-0.022;2;4;0;1;0;0;3;0;1;5;;;;;;;;;;;;;;;;;;
155;1;Me;7;O;0.20;-0.1897;-0.0027;230.61;-0.1897;-0.0027;230.61;124.779;33.4493;28.5929;2.285;127.9;-0.017;-0.017;4.6;4.5;-0.1662;75.5705;2.379;121.1;-0.01;-0.009;2.7;2.6;-0.6681;0.135;0.137;0.017;0.025;2;4;0;1;4;0;3;0;1;5;;;;;;;;;;;;;;;;;;
156;1;tBu;7;O;19.10;-0.183;-0.0061;241.67;-0.183;-0.0061;241.67;127.63;62.5977;29.6929;2.294;122.9;-0.008;-0.01;2;2.3;-0.1291;60.3961;2.368;125.4;0.022;0.021;-0.6;-0.3;-0.5581;0.246;0.246;0.105;0.106;2;4;0;1;4;0;3;0;1;5;;;;;;;;;;;;;;;;;;
157;4;OMe;7;O;-0.62;-0.2074;-0.0003;223.6;-0.2074;-0.0003;223.6;132.349;28.4487;19.9678;2.257;117.1;-0.019;-0.02;2.5;2.8;-0.1606;58.3629;2.365;118.4;-0.025;-0.022;0.8;1.7;-0.6721;0.158;0.123;0.105;0.091;2;4;0;1;0;0;3;0;1;5;;;;;;;;;;;;;;;;;;
158;4;OPh;7;O;8.58;-0.20173;-0.04006;221.508;-0.20173;-0.04006;221.508;135.514;28.8885;14.7513;2.248;110.6;-0.025;-0.017;3.2;2.4;-0.1512;53.0931;2.357;115.4;-0.024;-0.023;1.2;1.4;-0.5897;0.176;0.127;0.096;0.105;2;4;0;1;0;0;3;0;1;5;;;;;;;;;;;;;;;;;;
159;2;CF3;7;O;7.84;-0.2518;-0.0552;195.58;-0.2518;-0.0552;195.58;98.3093;29.1301;11.1187;2.222;112.6;-0.002;-0.005;2.4;2;-0.0721;55.4526;2.35;124.9;0.022;0.019;1;0.8;-0.4319;0.117;0.118;0.107;0.071;4;3;3;2;0;5;1;3;3;3;;;;;;;;;;;;;;;;;;
160;5;NMe2;7;O;6.18;-0.1722;0.0112;239.04;-0.1722;0.0112;239.04;119.268;42.764;29.2575;2.291;130.8;-0.015;-0.025;2.3;3.3;-0.1578;68.2054;2.382;119.1;-0.017;-0.026;-1.1;1.7;-0.7057;0.183;0.163;0.065;0.044;2;4;0;1;4;0;3;0;1;5;;;;;;;;;;;;;;;;;;
161;3;Ph;7;O;4.20;-0.1922;-0.0587;239.45;-0.1922;-0.0587;239.45;123.03;41.204;26.8114;2.291;124.4;-0.013;-0.011;3.7;3.6;-0.1258;67.5384;2.374;121.8;-0.004;-0.003;1.9;1.6;-0.5931;0.142;0.141;0.067;0.071;2;4;0;1;4;0;3;0;1;5;;;;;;;;;;;;;;;;;;
162;2;C6F5;7;O;7.43;-0.21887;-0.08562;221.658;-0.21887;-0.08562;221.658;104.396;41.4381;19.0447;2.26;113.9;-0.017;-0.016;4.6;4.7;-0.0964;63.1722;2.365;121.3;-0.007;-0.008;2;2.2;-0.4939;0.134;0.134;0.103;0.095;2;4;0;1;0;4;3;0;1;5;;;;;;;;;;;;;;;;;;
163;3;o-Tol;7;O;18.05;-0.18528;-0.05694;240.423;-0.18528;-0.05694;240.423;107.936;54.4263;19.9885;2.267;122.4;-0.009;-0.004;4.4;3.1;-0.107;56.4497;2.371;124.1;0.007;0.002;1.3;1.8;-0.5573;0.192;0.179;0.101;0.094;2;4;0;1;4;0;3;0;1;5;;;;;;;;;;;;;;;;;;
164;3;p-Tol;7;O;2.66;-0.18277;-0.05457;243.338;-0.18277;-0.05457;243.338;122.592;36.6044;27.4132;2.293;124.4;-0.011;-0.013;3.5;3.1;-0.1296;67.8013;2.375;121.8;-0.002;-0.004;1.8;1.4;-0.6;0.148;0.147;0.084;0.07;2;4;0;1;4;0;3;0;1;5;;;;;;;;;;;;;;;;;;
165;3;p-CF3-Ph;7;O;4.08;-0.20796;-0.08328;227.729;-0.20796;-0.08328;227.729;103.379;39.1853;23.01;2.272;128.9;-0.019;-0.012;3.5;2.1;-0.1128;66.1303;2.369;122.3;-0.007;-0.007;1.8;1.4;-0.5672;0.132;0.158;0.061;0.104;2;4;0;1;0;4;3;0;1;5;;;;;;;;;;;;;;;;;;
166;1;Me;4;P;-15.10;-0.1963;-0.0368;232.11;-0.1963;-0.0368;232.11;13.5008;12.4986;31.0484;2.259;83.9;-0.021;-0.021;4.1;4.1;-0.111;92.6488;2.382;91.4;-0.027;-0.027;6.1;6.1;-0.7884;-0.004;-0.004;-0.027;-0.028;0;1;4;0;3;1;0;1;4;4;;;;;;;;;;;;;;;;;;
167;1;tBu;4;P;-12.37;-0.18369;-0.03669;244.02;-0.18369;-0.03669;244.02;31.6138;27.3461;37.3718;2.289;86.4;-0.009;-0.009;2.8;2.7;-0.0884;91.299;2.381;92.2;0.001;0.001;1.5;1.5;-0.7385;0.057;0.057;-0.042;-0.041;1;5;4;0;4;0;0;0;2;2;;;;;;;;;;;;;;;;;;
168;4;OMe;4;P;-19.90;-0.20052;-0.0442;226.636;-0.20052;-0.0442;226.636;12.7208;11.9383;26.6326;2.254;79.9;-0.026;-0.026;3.1;3.1;-0.1405;91.6028;2.376;89;-0.037;-0.034;4;3.6;-0.8172;-0.008;-0.012;0.017;-0.005;0;0;5;4;2;3;4;2;0;0;;;;;;;;;;;;;;;;;;
169;4;OPh;4;P;-9.94;-0.19911;-0.06402;225.354;-0.19911;-0.06402;225.354;12.6166;12.5896;19.1238;2.241;76.5;-0.03;-0.031;4.5;6.7;-0.0897;75.6301;2.365;88.5;-0.046;-0.04;5.3;7.1;-0.7295;-0.009;0.002;0.075;0.001;0;0;5;5;5;2;4;2;0;0;;;;;;;;;;;;;;;;;;
170;2;CF3;4;P;-9.65;-0.2539;-0.0772;198.26;-0.2539;-0.0772;198.26;11.6854;10.7749;12.2632;2.217;76.1;-0.002;-0.003;2.5;2.4;-0.0415;68.3265;2.34;89.3;0.003;0.003;3.4;3.3;-0.578;-0.006;-0.007;0.101;0.098;4;3;3;2;0;5;1;3;3;3;;;;;;;;;;;;;;;;;;
171;5;NMe2;4;P;-21.12;-0.1963;-0.0368;232.11;-0.1963;-0.0368;232.11;19.0699;18.3382;32.9905;2.276;82.1;-0.019;-0.019;2.1;2.2;-0.1005;92.9224;2.38;88.9;-0.024;-0.024;1.6;1.6;-0.7795;0.024;0.024;-0.035;-0.045;0;2;4;0;1;1;0;1;2;4;;;;;;;;;;;;;;;;;;
172;3;Ph;4;P;-15.10;-0.1896;-0.0526;238.11;-0.1896;-0.0526;238.11;15.9888;13.7549;30.0676;2.273;84.1;-0.006;-0.006;3.7;3.7;-0.0915;89.7541;2.372;90.7;-0.008;-0.008;3.9;3.9;-0.7482;0.02;0.02;-0.028;-0.031;0;1;4;0;3;2;0;1;2;4;;;;;;;;;;;;;;;;;;
173;2;C6F5;4;P;-9.05;-0.21994;-0.08043;221.186;-0.21994;-0.08043;221.186;14.3824;13.6947;19.5085;2.736;79.2;-0.017;-0.018;2.9;3.6;-0.0703;75.8002;2.36;90.5;-0.017;-0.018;3.7;4;-0.6532;0.006;0.006;0.071;0.033;5;0;1;3;5;2;2;5;5;1;;;;;;;;;;;;;;;;;;
174;3;o-Tol;4;P;-0.77;-0.18768;-0.05279;239.374;-0.18768;-0.05279;239.374;27.8237;27.1723;23.5452;2.273;84.6;0;0;3.1;2.9;-0.0918;73.501;2.368;90.8;0.008;0.009;2;1.8;-0.7017;0.059;0.06;-0.02;-0.024;1;5;4;0;3;4;0;1;2;2;;;;;;;;;;;;;;;;;;
175;3;p-Tol;4;P;-15.21;-0.18431;-0.05246;242.17;-0.18431;-0.05246;242.17;15.8163;14.5223;33.874;2.276;82.8;-0.012;-0.013;3.4;3.4;-0.0948;91.5576;2.374;90.7;-0.007;-0.009;3.8;3.6;-0.7556;0.025;0.02;-0.017;-0.033;0;1;4;0;3;2;0;1;2;4;;;;;;;;;;;;;;;;;;
176;3;p-CF3-Ph;4;P;-13.70;-0.21025;-0.08109;227.093;-0.21025;-0.08109;227.093;16.7814;14.8543;28.5007;2.264;82;-0.007;-0.012;1.4;3.6;-0.0718;85.3873;2.367;90.3;-0.005;-0.006;2.2;4.1;-0.7174;0.021;0.023;0.003;-0.011;0;0;0;1;5;2;5;0;5;1;;;;;;;;;;;;;;;;;;
177;1;Me;5;Q;-17.31;-0.1884;-0.0394;237.05;-0.1884;-0.0394;237.05;16.9251;14.277;33.0602;2.271;81;-0.024;-0.016;3.2;2.9;-0.1134;101.387;2.386;94.5;-0.025;-0.024;3.6;3.7;-0.8325;-0.008;-0.009;-0.138;-0.073;3;1;4;0;1;1;0;1;2;4;;;;;;;;;;;;;;;;;;
178;1;tBu;5;Q;0.47;-0.1804;-0.046;248.87;-0.1804;-0.046;248.87;46.7751;42.8701;38.1731;2.31;91;-0.004;-0.005;2;1.8;-0.0902;83.6378;2.415;96.5;0.005;0.004;1.3;1.3;-0.7767;0.038;0.039;-0.102;-0.1;1;5;4;0;4;0;3;0;1;2;;;;;;;;;;;;;;;;;;
179;4;OMe;5;Q;-32.00;-0.2011;-0.0492;232.16;-0.2011;-0.0492;232.16;20.869;16.5981;30.8902;2.273;80.4;-0.03;-0.023;3.6;1.8;-0.1559;99.1931;2.386;92.6;-0.042;-0.035;2.8;1.5;-0.878;-0.015;-0.01;-0.14;-0.055;3;2;5;4;2;3;4;4;4;0;;;;;;;;;;;;;;;;;;
180;4;OPh;5;Q;-17.62;-0.1929;-0.0616;231.5;-0.1929;-0.0616;231.5;13.4355;12.333;22.3053;2.252;73.1;-0.015;-0.031;1.2;3.1;-0.0888;80.4412;2.363;86.3;-0.029;-0.05;2.4;3.3;-0.7465;0.003;-0.022;0.073;-0.064;0;0;5;5;5;2;4;2;0;0;;;;;;;;;;;;;;;;;;
181;2;CF3;5;Q;-8.78;-0.2432;-0.0767;205.51;-0.2432;-0.0767;205.51;16.2656;14.8104;13.3833;2.231;75.2;-0.005;-0.006;1.6;2.3;-0.0516;70.6477;2.343;89.8;0;0.007;1.5;1.9;-0.6193;-0.013;0.009;-0.051;0.037;4;3;3;2;0;5;1;3;3;3;;;;;;;;;;;;;;;;;;
182;5;NMe2;5;Q;-17.10;-0.17037;-0.03991;241.81;-0.17037;-0.03991;241.81;29.8756;21.9138;29.575;2.286;83.7;-0.021;-0.021;2.8;1.7;-0.1177;101.659;2.402;92.9;-0.028;-0.025;0.9;0.4;-0.8834;0.003;0.003;-0.116;-0.048;3;2;4;0;1;1;0;1;2;4;;;;;;;;;;;;;;;;;;
183;3;Ph;5;Q;-18.66;-0.1869;-0.0506;241.3;-0.1869;-0.0506;241.3;20.6569;17.5005;30.7754;2.277;83;-0.015;-0.013;2.4;2;-0.0947;93.4558;2.381;92.2;-0.015;-0.016;2.1;2;-0.778;0.01;0.01;-0.12;-0.07;1;2;4;0;1;1;0;1;2;4;;;;;;;;;;;;;;;;;;
184;2;C6F5;5;Q;-13.30;-0.2132;-0.078;226.39;-0.2132;-0.078;226.39;28.0684;22.1949;15.867;2.257;79.5;-0.013;-0.015;1.3;2.4;-0.0704;72.8208;2.364;88.5;-0.015;-0.009;2.3;2.7;-0.6791;0.023;0.015;-0.047;0.002;0;0;0;1;5;2;5;0;5;1;;;;;;;;;;;;;;;;;;
185;3;o-Tol;5;Q;-1.94;-0.1836;-0.0505;243.55;-0.1836;-0.0505;243.55;36.0861;32.4603;25.6505;2.288;86.9;-0.001;-0.007;3.2;1.4;-0.0851;78.5242;2.388;91.7;0.004;-0.009;3.3;1.5;-0.7493;0.046;0.03;-0.082;-0.071;1;5;4;0;3;4;0;0;2;2;;;;;;;;;;;;;;;;;;
186;3;p-Tol;5;Q;-18.99;-0.18205;-0.04704;244.994;-0.18205;-0.04704;244.994;21.723;17.9423;31.177;2.28;83.9;-0.015;-0.013;2.6;2;-0.1011;93.8128;2.383;92.7;-0.015;-0.016;2.2;1.9;-0.7834;0.012;0.012;-0.119;-0.075;1;2;4;0;1;1;0;1;2;4;;;;;;;;;;;;;;;;;;
187;3;p-CF3-Ph;5;Q;-14.61;-0.20381;-0.07711;232.242;-0.20381;-0.07711;232.242;21.5799;15.94;26.6552;2.266;82.2;-0.019;-0.011;4.1;3.1;-0.0757;89.6801;2.373;92.4;-0.018;-0.014;2.8;2.3;-0.7466;0.008;0.011;-0.117;-0.067;0;0;0;1;5;2;5;0;5;1;;;;;;;;;;;;;;;;;;
188;1;Me;6;R;-16.36;-0.1884;-0.0394;237.05;-0.1884;-0.0394;237.05;18.8509;14.929;38.158;2.284;95.2;-0.023;-0.021;4.8;4.6;-0.1386;96.0323;2.376;94.1;-0.021;-0.02;3.8;3.9;-0.7982;0.03;0.031;-0.114;-0.105;3;2;4;0;3;1;0;1;2;4;;;;;;;;;;;;;;;;;;
189;1;tBu;6;R;24.12;-0.1804;-0.046;248.87;-0.1804;-0.046;248.87;68.005;60.9267;27.8606;2.323;107.8;-0.001;-0.002;2.8;2.7;-0.1143;62.3483;2.424;105.5;0.015;0.015;1.7;1.6;-0.7602;0.059;0.059;-0.08;-0.079;1;5;4;0;4;0;3;0;1;2;;;;;;;;;;;;;;;;;;
190;4;OMe;6;R;-24.41;-0.2011;-0.0492;232.16;-0.2011;-0.0492;232.16;17.8256;14.7846;33.9983;2.275;88;-0.03;-0.027;3.7;3.3;-0.1656;92.3482;2.375;92;-0.034;-0.034;2.7;3.7;-0.816;0.041;-0.011;-0.035;-0.081;3;2;5;4;2;3;4;4;0;0;;;;;;;;;;;;;;;;;;
191;4;OPh;6;R;-14.96;-0.1929;-0.0616;231.5;-0.1929;-0.0616;231.5;16.6502;15.3946;23.0715;2.255;85.5;-0.031;-0.03;3.2;2.4;-0.1133;80.6082;2.372;90.2;-0.044;-0.04;4.9;0.9;-0.7581;0.013;0.02;-0.011;0;0;0;5;5;2;3;4;2;0;0;;;;;;;;;;;;;;;;;;
192;2;CF3;6;R;-2.92;-0.2432;-0.0767;205.51;-0.2432;-0.0767;205.51;21.9144;18.7405;12.5895;2.239;86.8;0.002;0.003;3;3.1;-0.0784;64.532;2.342;94.5;0.017;0.017;2.3;2.2;-0.6053;0.029;0.029;-0.001;-0.004;4;3;3;2;0;5;1;3;3;3;;;;;;;;;;;;;;;;;;
193;5;NMe2;6;R;-21.42;-0.17037;-0.03991;241.81;-0.17037;-0.03991;241.81;28.2736;24.9534;38.5747;2.29;92.5;-0.02;-0.02;2.6;2.7;-0.1208;95.1438;2.415;97;-0.023;-0.023;0.7;0.7;-0.8832;0.017;0.017;-0.069;-0.072;3;2;4;0;1;1;0;1;2;4;;;;;;;;;;;;;;;;;;
194;3;Ph;6;R;-10.37;-0.1869;-0.0506;241.3;-0.1869;-0.0506;241.3;27.0964;23.2196;34.0924;2.297;95;-0.01;-0.012;2.7;3;-0.1075;86.3304;2.376;95.6;-0.007;-0.01;2.2;2.2;-0.76;0.039;0.04;-0.068;-0.065;1;5;4;0;3;0;0;0;2;2;;;;;;;;;;;;;;;;;;
195;2;C6F5;6;R;0.98;-0.2132;-0.078;226.39;-0.2132;-0.078;226.39;38.1619;33.6614;21.374;2.265;91.7;-0.012;-0.013;1.8;1.8;-0.0665;57.0835;2.365;91.4;-0.006;-0.003;1.7;1.2;-0.6051;0.056;0.069;-0.002;0.016;4;0;0;1;0;4;5;0;5;1;;;;;;;;;;;;;;;;;;
196;3;o-Tol;6;R;4.42;-0.1836;-0.0505;243.55;-0.1836;-0.0505;243.55;50.6637;44.2782;24.4181;2.295;100.5;-0.003;-0.003;1.4;3.8;-0.0974;71.4697;2.384;97.2;0.002;0.003;1.6;2.1;-0.7263;0.073;0.062;-0.025;-0.024;1;5;4;0;4;4;3;1;1;2;;;;;;;;;;;;;;;;;;
197;3;p-Tol;6;R;-10.19;-0.18205;-0.04704;244.994;-0.18205;-0.04704;244.994;28.1374;23.8904;34.2374;2.298;96.5;-0.011;-0.012;2.9;3.2;-0.1113;87.0445;2.379;95.5;-0.011;-0.008;2.7;2;-0.7691;0.043;0.037;-0.054;-0.079;1;5;4;0;4;0;0;0;2;2;;;;;;;;;;;;;;;;;;
198;3;p-CF3-Ph;6;R;-8.51;-0.20381;-0.07711;232.242;-0.20381;-0.07711;232.242;27.2827;24.5776;30.5928;2.29;94.4;-0.012;-0.01;2.9;2.5;-0.0926;83.1427;2.374;95.9;-0.008;-0.009;1.9;2.4;-0.7399;0.037;0.033;-0.071;-0.057;1;0;0;1;5;2;5;0;5;1;;;;;;;;;;;;;;;;;;
199;1;Me;8;S;-13.73;-0.1923;-0.0329;236.79;-0.1923;-0.0329;236.79;47.3869;18.5685;40.4077;2.3;119;-0.021;-0.023;5.3;5.3;-0.1683;94.003;2.389;108.3;-0.018;-0.019;3;2.9;-0.764;0.058;0.06;-0.131;-0.128;3;2;4;0;1;1;0;1;2;4;;;;;;;;;;;;;;;;;;
200;1;tBu;8;S;11.58;-0.18216;-0.03031;247.13;-0.18216;-0.03031;247.13;123.534;53.6745;37.1948;2.319;124.1;-0.008;-0.005;2.4;1.8;-0.1414;73.3002;2.386;110.7;0.011;0.012;0;-0.7;-0.6756;0.143;0.153;-0.008;-0.011;2;4;0;1;4;0;3;0;1;5;;;;;;;;;;;;;;;;;;
201;4;OMe;8;S;-21.69;-0.2013;0.0043;227.36;-0.2013;0.0043;227.36;43.2529;17.5752;30.0199;2.277;110.5;-0.027;-0.03;2.8;3.3;-0.1638;85.1068;2.376;105.1;-0.03;-0.035;1.2;1.8;-0.7602;0.039;0.027;-0.029;-0.046;3;2;2;4;2;3;4;4;4;0;;;;;;;;;;;;;;;;;;
202;4;OPh;8;S;-20.69;-0.19974;-0.0381;226.114;-0.19974;-0.0381;226.114;34.5832;17.4572;24.6804;2.264;106.4;-0.029;-0.026;3.5;2.9;-0.1332;80.6766;2.373;96.4;-0.028;-0.036;4.2;3.4;-0.7453;0.009;0.009;-0.041;-0.009;0;0;5;5;2;3;4;2;0;0;;;;;;;;;;;;;;;;;;
203;2;CF3;8;S;-5.10;-0.2508;-0.0332;197.71;-0.2508;-0.0332;197.71;32.8607;18.1544;19.6076;2.242;104.8;-0.005;-0.006;2.9;3.4;-0.0868;67.1531;2.346;108;0.02;0.009;2.1;2.3;-0.5625;0.061;0.037;0.012;-0.022;4;3;3;2;0;5;1;3;3;3;;;;;;;;;;;;;;;;;;
204;5;NMe2;8;S;-3.92;-0.1642;0.0236;240.51;-0.1642;0.0236;240.51;104.037;33.3401;34.8461;2.308;121;-0.018;-0.017;-0.2;2.2;-0.1658;79.1404;2.4;107.8;-0.019;-0.013;-2.9;0.7;-0.7863;0.056;0.084;-0.09;-0.051;1;5;0;0;1;0;3;0;1;2;;;;;;;;;;;;;;;;;;
205;3;Ph;8;S;-9.94;-0.189;-0.0477;239.2;-0.189;-0.0477;239.2;48.4844;28.6256;35.8256;2.299;113.6;-0.011;-0.009;4.6;2.8;-0.1349;79.1473;2.369;94.4;-0.007;0.002;5.6;1.5;-0.7368;0.036;0.083;-0.089;-0.058;1;5;4;0;3;4;0;1;2;4;;;;;;;;;;;;;;;;;;
206;2;C6F5;8;S;-0.30;-0.21657;-0.07767;222.356;-0.21657;-0.07767;222.356;74.9772;26.0459;27.2494;2.274;111.8;-0.018;-0.016;4.6;2.6;-0.0988;56.6436;2.393;96.7;-0.002;-0.008;4.8;4.1;-0.6706;0.027;0.033;0.009;0.048;0;0;0;1;5;4;5;0;5;1;;;;;;;;;;;;;;;;;;
207;3;o-Tol;8;S;-1.44;-0.18524;-0.0467;240.856;-0.18524;-0.0467;240.856;53.9067;46.9294;24.0874;2.311;106;0;-0.005;2.7;3.9;-0.117;68.1496;2.373;97.2;-0.001;0.006;3.4;4.8;-0.7243;0.068;0.106;-0.079;-0.035;1;5;4;0;3;4;3;1;1;2;;;;;;;;;;;;;;;;;;
208;3;p-Tol;8;S;-11.00;-0.18192;-0.04288;243.279;-0.18192;-0.04288;243.279;59.7589;22.4481;37.2287;2.302;117.1;-0.013;-0.011;4.2;3;-0.1379;84.0325;2.38;108;-0.006;-0.006;0.5;0.8;-0.696;0.077;0.067;-0.086;-0.059;1;5;0;0;4;4;3;0;1;2;;;;;;;;;;;;;;;;;;
209;3;p-CF3-Ph;8;S;-6.20;-0.20834;-0.0767;228.712;-0.20834;-0.0767;228.712;78.4336;22.3009;35.1968;2.296;119.8;-0.02;-0.011;4.2;2.3;-0.1144;82.2711;2.376;109.2;-0.01;-0.003;1.8;0.2;-0.6617;0.07;0.071;-0.088;-0.059;1;5;0;0;3;4;3;0;1;2;;;;;;;;;;;;;;;;;;
210;1;Me;7;T;-15.92;-0.1884;-0.0394;237.05;-0.1884;-0.0394;237.05;29.009;18.2046;39.307;2.282;104.5;-0.023;-0.019;4.5;3.5;-0.141;95.0804;2.38;100.1;-0.022;-0.018;3.4;2.4;-0.7828;0.038;0.051;-0.093;-0.076;3;2;4;0;1;1;0;1;2;4;;;;;;;;;;;;;;;;;;
211;1;tBu;7;T;20.83;-0.1804;-0.046;248.87;-0.1804;-0.046;248.87;156.417;70.4786;32.6542;2.314;118.9;0.004;-0.001;2;0.9;-0.1123;55.595;2.405;112.4;0.039;0.014;0.7;-0.3;-0.6443;0.145;0.207;0.043;0.043;2;4;0;1;4;0;3;0;1;5;;;;;;;;;;;;;;;;;;
212;4;OMe;7;T;-19.21;-0.2011;-0.0492;232.16;-0.2011;-0.0492;232.16;35.7698;25.7799;34.9985;2.292;105;-0.03;-0.029;2.4;0.1;-0.2007;93.8756;2.388;98.5;-0.033;-0.038;1.1;0.3;-0.8639;0.022;0.019;-0.069;-0.048;3;2;5;4;2;3;4;4;4;0;;;;;;;;;;;;;;;;;;
213;4;OPh;7;T;-9.35;-0.1929;-0.0616;231.5;-0.1929;-0.0616;231.5;31.0283;26.39;23.8809;2.27;96.4;-0.024;-0.022;2.1;1.4;-0.1473;75.1984;2.376;99;-0.031;-0.03;1.5;1.6;-0.7509;0.037;0.024;0.033;0.046;0;0;5;5;2;3;4;2;0;0;;;;;;;;;;;;;;;;;;
214;2;CF3;7;T;-6.71;-0.2432;-0.0767;205.51;-0.2432;-0.0767;205.51;33.3344;20.3048;19.2989;2.24;99.1;-0.005;0;3.3;1.4;-0.0749;68.8951;2.349;101.5;0.009;0.015;1.9;1.2;-0.5903;0.026;0.058;0.017;0.076;4;3;3;2;0;5;1;3;3;3;;;;;;;;;;;;;;;;;;
215;5;NMe2;7;T;-10.96;-0.17037;-0.03991;241.81;-0.17037;-0.03991;241.81;44.9415;34.3642;35.9191;2.296;105.9;-0.017;-0.017;2.3;1.5;-0.1322;85.563;2.392;101.7;-0.019;-0.001;0.8;-1.9;-0.7876;0.06;0.098;-0.024;-0.055;1;5;4;0;4;1;3;0;1;2;;;;;;;;;;;;;;;;;;
216;3;Ph;7;T;-7.83;-0.1869;-0.0506;241.3;-0.1869;-0.0506;241.3;34.2619;24.826;37.6083;2.292;104.4;-0.013;-0.012;2.1;2.2;-0.11;81.9968;2.371;100.5;-0.004;-0.003;0.7;1;-0.7004;0.066;0.093;-0.056;-0.041;1;5;4;0;4;0;3;0;1;2;;;;;;;;;;;;;;;;;;
217;2;C6F5;7;T;5.34;-0.2132;-0.078;226.39;-0.2132;-0.078;226.39;40.5012;31.4758;24.3026;2.265;96.5;-0.017;-0.008;2.8;1.7;-0.089;68.6616;2.367;104;-0.009;-0.001;0.5;0.5;-0.6011;0.065;0.111;0.066;0.097;2;0;0;1;0;4;5;0;5;5;;;;;;;;;;;;;;;;;;
218;3;o-Tol;7;T;15.89;-0.1836;-0.0505;243.55;-0.1836;-0.0505;243.55;58.5942;53.5189;24.9113;2.298;104.7;-0.006;-0.004;3.1;3.4;-0.103;56.2846;2.362;104.2;0.008;0.009;1.8;1.4;-0.6491;0.141;0.154;-0.033;-0.016;2;5;0;0;4;4;3;0;1;2;;;;;;;;;;;;;;;;;;
219;3;p-Tol;7;T;-7.14;-0.18205;-0.04704;244.994;-0.18205;-0.04704;244.994;37.6147;25.6713;37.7941;2.295;105.7;-0.013;-0.011;2.2;2.6;-0.1126;81.9893;2.375;100.6;-0.005;-0.005;1.1;1.4;-0.7135;0.064;0.092;-0.047;-0.036;1;5;4;0;4;0;3;0;1;2;;;;;;;;;;;;;;;;;;
220;3;p-CF3-Ph;7;T;-6.03;-0.20381;-0.07711;232.242;-0.20381;-0.07711;232.242;35.7466;26.51;33.2591;2.287;104.6;-0.015;-0.01;2.9;2;-0.0961;78.031;2.367;100;-0.006;-0.003;0.9;0.5;-0.6763;0.069;0.087;-0.057;-0.045;1;0;0;0;3;4;5;0;1;2;;;;;;;;;;;;;;;;;;
221;1;Me;8;U;-10.87;-0.1897;-0.0027;230.61;-0.1897;-0.0027;230.61;29.9402;23.0213;23.3789;2.274;92.6;-0.021;-0.021;9;9;-0.1571;91.2081;2.387;98.1;-0.027;-0.027;8.5;8.5;-0.842;0.001;0;-0.093;-0.095;3;1;0;1;3;4;0;1;2;4;;;;;;;;;;;;;;;;;;
222;1;tBu;8;U;26.62;-0.183;-0.0061;241.67;-0.183;-0.0061;241.67;76.5862;70.4836;9.97157;2.309;100;-0.004;-0.003;8.3;8.3;-0.1221;50.6352;2.41;97.7;0.007;0.007;6.4;6.4;-0.7809;0.05;0.049;-0.077;-0.073;1;1;0;1;3;4;0;1;2;4;;;;;;;;;;;;;;;;;;
223;4;OMe;8;U;-17.03;-0.2074;-0.0003;223.6;-0.2074;-0.0003;223.6;23.5597;17.0826;22.8512;2.273;90.8;-0.028;-0.027;4.1;3.5;-0.1834;88.2631;2.375;95.1;-0.039;-0.038;3.8;3.3;-0.8515;-0.001;-0.001;-0.067;-0.067;3;2;2;4;2;3;4;4;4;0;;;;;;;;;;;;;;;;;;
224;4;OPh;8;U;-10.79;-0.20173;-0.04006;221.508;-0.20173;-0.04006;221.508;12.1453;13.2071;20.8789;2.25;82.1;-0.028;-0.028;2.8;3;-0.1331;76.5689;2.355;90.2;-0.046;-0.038;3.2;2.3;-0.7356;0.016;0.012;0.031;0.016;0;0;5;5;2;3;4;2;0;0;;;;;;;;;;;;;;;;;;
225;2;CF3;8;U;2.26;-0.2518;-0.0552;195.58;-0.2518;-0.0552;195.58;27.631;26.7456;-0.135723;2.23;79;-0.005;-0.005;7.9;8.1;-0.0764;59.4831;2.349;94.4;0.002;0.012;7.5;7.6;-0.6249;-0.011;-0.009;0.005;0.016;4;3;3;2;0;5;1;3;3;3;;;;;;;;;;;;;;;;;;
226;5;NMe2;8;U;-13.82;-0.1722;0.0112;239.04;-0.1722;0.0112;239.04;29.5939;24.5443;32.1998;2.289;97.1;-0.02;-0.021;0.3;3.7;-0.1696;91.2106;2.388;97.7;-0.024;-0.034;-0.4;3.7;-0.8417;0.045;0.015;-0.026;-0.072;3;2;2;4;1;1;4;4;4;0;;;;;;;;;;;;;;;;;;
227;3;Ph;8;U;-3.31;-0.1922;-0.0587;239.45;-0.1922;-0.0587;239.45;34.816;27.919;16.9099;2.277;93.7;-0.011;-0.012;8.1;8.3;-0.1292;79.916;2.381;98.3;-0.019;-0.018;7.4;7.4;-0.7682;0.006;0.004;-0.061;-0.071;0;1;0;1;3;4;0;1;2;4;;;;;;;;;;;;;;;;;;
228;2;C6F5;8;U;-1.72;-0.21887;-0.08562;221.658;-0.21887;-0.08562;221.658;35.805;30.5012;8.41535;2.251;91.3;-0.016;-0.015;6.4;6.6;-0.1152;75.4557;2.379;102.2;-0.02;-0.022;4.4;5.6;-0.6919;0.011;-0.005;0.072;0.01;0;0;0;1;5;2;5;0;5;1;;;;;;;;;;;;;;;;;;
229;3;o-Tol;8;U;12.82;-0.18528;-0.05694;240.423;-0.18528;-0.05694;240.423;30.7648;28.01;8.56846;2.289;94.1;-0.017;-0.017;8;10;-0.121;60.0804;2.376;92.9;-0.014;-0.012;6.9;8.9;-0.7514;0.044;0.048;-0.051;-0.06;0;1;0;1;3;4;0;1;2;4;;;;;;;;;;;;;;;;;;
230;3;p-Tol;8;U;-2.77;-0.18277;-0.05457;243.338;-0.18277;-0.05457;243.338;35.4102;28.662;18.0834;2.281;94.3;-0.011;-0.012;7.6;8.3;-0.1335;79.9424;2.383;97.8;-0.017;-0.018;6.7;7.3;-0.7749;0.013;0.003;-0.044;-0.094;0;1;0;1;3;4;0;1;2;4;;;;;;;;;;;;;;;;;;
231;3;p-CF3-Ph;8;U;-3.42;-0.20796;-0.08328;227.729;-0.20796;-0.08328;227.729;27.5325;20.13;15.9819;2.273;92;-0.011;-0.02;9.3;8.4;-0.113;79.2935;2.375;97;-0.017;-0.024;8.4;7.5;-0.7452;0.01;-0.001;-0.04;-0.104;0;1;0;1;3;4;0;1;2;4;;;;;;;;;;;;;;;;;;
232;1;Me;7;V;-12.28;-0.1884;-0.0394;237.05;-0.1884;-0.0394;237.05;37.1541;19.2958;37.486;2.29;109.4;-0.018;-0.022;4.1;4.7;-0.1512;91.7345;2.379;101;-0.014;-0.021;2.7;3.5;-0.7655;0.049;0.051;-0.082;-0.094;3;2;4;0;1;1;0;1;2;4;;;;;;;;;;;;;;;;;;
233;1;tBu;7;V;14.18;-0.1804;-0.046;248.87;-0.1804;-0.046;248.87;135.846;57.2721;41.6947;2.324;131.2;-0.009;-0.009;1.7;2;-0.111;59.1931;2.418;115;0.022;0.013;0;1.3;-0.6679;0.163;0.116;0.019;0.018;2;4;0;1;4;0;3;0;1;5;;;;;;;;;;;;;;;;;;
234;4;OMe;7;V;-17.24;-0.2011;-0.0492;232.16;-0.2011;-0.0492;232.16;30.1354;20.7272;26.4261;2.27;99.1;-0.02;-0.026;1.6;3.4;-0.1688;84.0249;2.372;98.4;-0.024;-0.035;1.4;3;-0.7592;0.005;0.023;-0.082;-0.031;3;0;5;5;2;3;4;4;0;0;;;;;;;;;;;;;;;;;;
235;4;OPh;7;V;-8.60;-0.1929;-0.0616;231.5;-0.1929;-0.0616;231.5;38.5283;22.2897;22.4891;2.266;103.9;-0.024;-0.03;1.5;3.4;-0.145;76.7314;2.368;98.9;-0.031;-0.038;2.5;2.7;-0.7347;0.025;0.026;0.047;-0.021;0;0;5;5;2;3;4;2;0;0;;;;;;;;;;;;;;;;;;
236;2;CF3;7;V;-3.54;-0.2432;-0.0767;205.51;-0.2432;-0.0767;205.51;38.9908;18.7254;19.0435;2.243;106;-0.005;-0.006;2.9;3.1;-0.088;65.8153;2.35;103.7;0.01;0.015;2.3;1.5;-0.5696;0.044;0.051;0.018;0.023;4;3;3;2;0;5;1;3;3;3;;;;;;;;;;;;;;;;;;
237;5;NMe2;7;V;-1.34;-0.17037;-0.03991;241.81;-0.17037;-0.03991;241.81;51.2417;36.8818;29.1244;2.301;110.9;-0.014;-0.027;1.9;2.3;-0.1585;77.8113;2.4;98.8;-0.003;-0.016;-0.9;0;-0.8167;0.038;0.07;-0.038;-0.071;1;5;4;0;1;1;3;0;1;2;;;;;;;;;;;;;;;;;;
238;3;Ph;7;V;-1.08;-0.1869;-0.0506;241.3;-0.1869;-0.0506;241.3;43.1776;26.9464;35.3424;2.296;110.7;-0.022;-0.01;4.2;2.3;-0.1286;74.3425;2.372;106.6;-0.015;0.004;2.4;-0.3;-0.6577;0.065;0.122;-0.089;-0.065;1;5;0;0;4;4;3;0;1;2;;;;;;;;;;;;;;;;;;
239;2;C6F5;7;V;0.06;-0.2132;-0.078;226.39;-0.2132;-0.078;226.39;50.4121;28.8892;22.8029;2.261;104.6;-0.017;-0.01;2.4;2.7;-0.0852;67.7342;2.365;108;-0.01;-0.002;1.7;0.8;-0.5856;0.074;0.116;0.052;0.069;2;0;0;1;0;4;5;0;5;5;;;;;;;;;;;;;;;;;;
240;3;o-Tol;7;V;12.95;-0.1836;-0.0505;243.55;-0.1836;-0.0505;243.55;49.1489;45.185;22.5983;2.294;106.9;-0.014;-0.002;4.2;2.3;-0.1242;62.8051;2.384;105.5;-0.007;0.01;3.7;0.7;-0.684;0.089;0.108;-0.025;-0.056;1;5;0;0;4;4;3;0;1;2;;;;;;;;;;;;;;;;;;
241;3;p-Tol;7;V;-2.01;-0.18205;-0.04704;244.994;-0.18205;-0.04704;244.994;51.3302;24.8574;36.3583;2.302;113.8;-0.021;-0.011;4.6;2.1;-0.1331;75.6715;2.375;107;-0.016;0.003;2.9;-0.4;-0.6669;0.073;0.123;-0.086;-0.062;1;5;0;0;4;4;3;0;1;2;;;;;;;;;;;;;;;;;;
242;3;p-CF3-Ph;7;V;-6.66;-0.20381;-0.07711;232.242;-0.20381;-0.07711;232.242;70.5828;24.1153;33.4398;2.294;117.3;-0.021;-0.007;4.2;1.6;-0.1112;78.1803;2.363;104.1;-0.005;-0.009;1;1.6;-0.6521;0.1;0.076;-0.075;-0.034;1;5;0;0;3;4;5;0;1;2;;;;;;;;;;;;;;;;;;
243;1;Me;7;W;-10.99;-0.1884;-0.0394;237.05;-0.1884;-0.0394;237.05;35.1994;18.6551;39.1972;2.293;109.6;-0.02;-0.017;4;3.7;-0.1547;89.0463;2.376;101.5;-0.02;-0.016;2.6;2.1;-0.742;0.066;0.065;-0.092;-0.103;1;2;4;0;1;1;0;1;2;4;;;;;;;;;;;;;;;;;;
244;1;tBu;7;W;25.24;-0.1804;-0.046;248.87;-0.1804;-0.046;248.87;145.01;60.0896;42.6228;2.334;130.1;-0.005;-0.008;1.2;1.5;-0.1159;57.6827;2.4;114.4;0.035;0.007;0.1;-0.3;-0.609;0.179;0.197;-0.042;-0.049;2;4;0;1;4;0;3;0;1;5;;;;;;;;;;;;;;;;;;
245;4;OMe;7;W;-20.59;-0.2011;-0.0492;232.16;-0.2011;-0.0492;232.16;33.6325;19.0492;35.3267;2.288;108;-0.031;-0.031;3.7;3.3;-0.2045;90.1764;2.375;100.1;-0.038;-0.035;3.8;2.9;-0.8032;0.04;0.032;-0.078;-0.085;3;2;5;4;2;3;4;4;4;0;;;;;;;;;;;;;;;;;;
246;4;OPh;7;W;-4.43;-0.1929;-0.0616;231.5;-0.1929;-0.0616;231.5;32.274;22.7609;24.799;2.262;99.4;-0.03;-0.031;3.1;3.1;-0.1413;76.5915;2.368;101.3;-0.038;-0.035;3.6;2.8;-0.7102;0.038;0.033;0.064;-0.003;0;0;5;5;2;3;4;2;0;0;;;;;;;;;;;;;;;;;;
247;2;CF3;7;W;-2.34;-0.2432;-0.0767;205.51;-0.2432;-0.0767;205.51;40.2797;18.6526;22.6918;2.25;109.5;-0.008;-0.006;2.9;2.8;-0.0853;61.5312;2.348;106.2;0.019;0.018;2.8;1.7;-0.5507;0.065;0.088;-0.043;-0.025;4;3;3;2;0;5;1;3;3;3;;;;;;;;;;;;;;;;;;
248;5;NMe2;7;W;-4.24;-0.17037;-0.03991;241.81;-0.17037;-0.03991;241.81;51.3753;31.942;39.1821;2.305;111.5;-0.024;-0.045;3.2;6.2;-0.1501;79.4498;2.411;105.8;-0.004;-0.045;-0.5;4.2;-0.8097;0.092;0.063;-0.089;-0.089;3;2;4;0;1;1;0;1;2;4;;;;;;;;;;;;;;;;;;
249;3;Ph;7;W;-3.48;-0.1869;-0.0506;241.3;-0.1869;-0.0506;241.3;43.4399;25.217;39.9872;2.297;110.7;-0.015;-0.016;3.3;3.2;-0.1267;76.5821;2.372;108.2;-0.004;-0.005;0.8;0.9;-0.639;0.12;0.12;-0.071;-0.08;1;5;0;0;4;4;3;0;1;2;;;;;;;;;;;;;;;;;;
250;2;C6F5;7;W;3.60;-0.2132;-0.078;226.39;-0.2132;-0.078;226.39;39.1069;28.8264;26.3948;2.262;100.6;-0.022;-0.013;3.4;2.2;-0.0995;62.7969;2.357;104.8;-0.012;-0.005;2.1;0.5;-0.5595;0.142;0.138;0.023;0.051;2;0;0;1;3;4;3;0;1;5;;;;;;;;;;;;;;;;;;
251;3;o-Tol;7;W;8.88;-0.1836;-0.0505;243.55;-0.1836;-0.0505;243.55;65.7604;44.2845;30.9668;2.302;112.7;-0.014;-0.013;3.7;4.3;-0.1234;64.4322;2.378;108.7;-0.001;0.002;1.8;2;-0.6354;0.125;0.16;-0.064;-0.044;2;5;0;0;4;4;3;0;1;2;;;;;;;;;;;;;;;;;;
252;3;p-Tol;7;W;-4.40;-0.18205;-0.04704;244.994;-0.18205;-0.04704;244.994;48.7003;24.779;41.2849;2.306;114.2;-0.02;-0.018;3.8;3.6;-0.1284;77.9751;2.375;109.6;-0.008;-0.007;1.2;1;-0.6456;0.121;0.116;-0.08;-0.088;1;5;0;0;4;4;3;0;1;2;;;;;;;;;;;;;;;;;;
253;3;p-CF3-Ph;7;W;-1.86;-0.20381;-0.07711;232.242;-0.20381;-0.07711;232.242;48.7887;32.8;36.9476;2.3;114.3;-0.022;-0.016;4.4;3;-0.1106;74.109;2.372;112.7;-0.004;-0.002;0.7;0.1;-0.6156;0.109;0.107;-0.092;-0.09;1;5;0;0;3;4;3;0;1;2;;;;;;;;;;;;;;;;;;
254;1;Me;5;x;-18.93;-0.1884;-0.0394;237.05;-0.1884;-0.0394;237.05;24.2732;17.6172;38.2942;2.29;100.1;-0.017;-0.021;3.8;4.3;-0.1514;97.362;2.386;103.1;-0.019;-0.02;3.3;3.1;-0.8001;0.033;0.034;-0.103;-0.125;3;2;4;0;1;1;0;1;2;4;;;;;;;;;;;;;;;;;;
255;1;tBu;5;x;18.15;-0.1548;-0.0539;252.15;-0.1548;-0.0539;252.15;107.126;40.6889;39.1288;2.321;115.6;-0.007;-0.007;3.3;3.3;-0.127;80.9376;2.381;109.5;0.01;0.011;-0.3;-0.3;-0.6788;0.162;0.163;-0.014;-0.011;2;4;0;1;4;0;3;0;1;5;;;;;;;;;;;;;;;;;;
256;4;OMe;5;x;-20.18;-0.2011;-0.0492;232.16;-0.2011;-0.0492;232.16;29.9415;21.6508;30.8676;2.29;99;-0.025;-0.03;2.3;3.8;-0.1881;90.3314;2.381;99.4;-0.031;-0.035;1.3;2.8;-0.8404;0.04;0.014;-0.047;-0.088;3;2;5;4;2;3;4;4;4;0;;;;;;;;;;;;;;;;;;
257;4;OPh;5;x;-12.92;-0.1929;-0.0616;231.5;-0.1929;-0.0616;231.5;22.9573;19.8122;26.2843;2.266;87.9;-0.022;-0.027;-0.3;5.1;-0.1349;79.1279;2.363;93.4;-0.032;-0.034;0.1;4.8;-0.7438;0.016;0.017;0.007;-0.029;0;0;5;5;2;3;4;2;0;0;;;;;;;;;;;;;;;;;;
258;2;CF3;5;x;-10.82;-0.2432;-0.0767;205.51;-0.2432;-0.0767;205.51;25.7397;16.5894;19.2857;2.243;97.8;-0.008;-0.01;2.3;3.7;-0.0826;70.7826;2.347;103.7;0.005;0.003;1.3;1.7;-0.5951;0.03;0.032;0.034;-0.008;4;3;3;2;0;5;1;3;3;3;;;;;;;;;;;;;;;;;;
259;5;NMe2;5;x;-16.66;-0.17037;-0.03991;241.81;-0.17037;-0.03991;241.81;38.9318;31.35;37.3209;2.298;102;-0.02;-0.026;2.8;2.9;-0.1422;79.8382;2.385;98.1;-0.013;-0.021;1.3;-0.8;-0.783;0.08;0.074;-0.107;-0.111;1;5;4;0;1;1;0;0;2;2;;;;;;;;;;;;;;;;;;
260;3;Ph;5;x;-15.39;-0.1869;-0.0506;241.3;-0.1869;-0.0506;241.3;30.6148;22.2344;37.0881;2.293;101.4;-0.011;-0.021;1.9;3.5;-0.1179;87.3344;2.373;101.5;-0.006;-0.014;1.1;1.8;-0.7251;0.072;0.062;-0.023;-0.083;1;5;4;0;4;1;0;0;2;2;;;;;;;;;;;;;;;;;;
261;2;C6F5;5;x;-3.53;-0.2132;-0.078;226.39;-0.2132;-0.078;226.39;30.4096;26.243;18.9343;2.674;94.3;-0.014;-0.015;2.5;3.2;-0.1124;71.4365;2.363;103.9;-0.002;-0.005;1.4;1.7;-0.6375;0.056;0.054;0.009;0.024;5;0;1;3;5;2;2;5;5;1;;;;;;;;;;;;;;;;;;
262;3;o-Tol;5;x;-0.99;-0.1836;-0.0505;243.55;-0.1836;-0.0505;243.55;55.5226;37.6466;34.4764;2.294;111.1;-0.017;-0.019;4.7;5.5;-0.118;73.5556;2.364;104.4;0.002;-0.01;3.3;3.7;-0.703;0.1;0.085;-0.034;-0.059;1;5;4;0;3;4;0;1;2;4;;;;;;;;;;;;;;;;;;
263;3;p-Tol;5;x;-15.16;-0.18205;-0.04704;244.994;-0.18205;-0.04704;244.994;37.6222;22.0995;37.7615;2.292;105.5;-0.014;-0.02;2;3.7;-0.1298;88.191;2.375;102.9;-0.009;-0.016;1.2;2.4;-0.733;0.069;0.063;-0.018;-0.059;1;5;4;0;4;1;0;0;2;2;;;;;;;;;;;;;;;;;;
264;3;p-CF3-Ph;5;x;-14.56;-0.20381;-0.07711;232.242;-0.20381;-0.07711;232.242;32.4384;23.3131;33.197;2.289;101.6;-0.017;-0.008;3.4;1.6;-0.1074;84.0068;2.367;101.6;-0.009;-0.004;1.4;0.5;-0.7006;0.063;0.071;-0.081;-0.026;1;0;0;0;3;4;5;0;1;1;;;;;;;;;;;;;;;;;;
265;1;Me;5;Y;-20.24;-0.1884;-0.0394;237.05;-0.1923;-0.0329;236.79;19.5361;17.1535;37.9685;2.277;91.5;-0.047;0.005;4.4;3.7;-0.1385;101.297;2.385;96.6;-0.05;-0.001;4.6;4;-0.8314;0.014;0.014;-0.086;-0.085;3;2;2;0;1;1;0;1;4;4;;;;;;;;;;;;;;;;;;
266;1;tBu;5;Y;-8.37;-0.1548;-0.0539;252.15;-0.1788;0.0225;245.67;45.729;40.7271;42.4533;2.314;97.8;-0.005;-0.016;2.6;2.3;-0.1077;85.4663;2.401;101.8;0.005;-0.006;0.8;1.1;-0.746;0.093;0.068;-0.03;-0.088;1;5;4;0;4;0;3;0;1;2;;;;;;;;;;;;;;;;;;
267;4;OMe;5;Y;-23.60;-0.2011;-0.0492;232.16;-0.2013;0.0043;227.36;19.5656;17.7402;34.9904;2.279;88;-0.03;-0.027;3.5;2.7;-0.1862;98.1828;2.389;93.5;-0.039;-0.035;3.2;2.3;-0.8971;0.004;0.009;-0.062;-0.022;3;2;5;4;2;3;4;4;4;0;;;;;;;;;;;;;;;;;;
268;4;OPh;5;Y;-9.01;-0.1929;-0.0616;231.5;-0.19974;-0.0381;226.114;18.4964;17.2269;21.2849;2.254;84.4;-0.045;-0.009;0.1;6.8;-0.128;76.5839;2.364;95.1;-0.06;-0.012;0.6;6.6;-0.7492;0.003;0.011;0.051;-0.008;0;0;5;5;2;3;4;2;0;0;;;;;;;;;;;;;;;;;;
269;2;CF3;5;Y;-15.57;-0.2432;-0.0767;205.51;-0.2508;-0.0332;197.71;17.1284;16.8573;18.3074;2.241;84.3;-0.008;-0.006;4.3;2.8;-0.0678;72.5767;2.347;95.5;0;0.004;4.2;2.8;-0.6278;0.008;0.012;0.045;-0.017;4;3;3;2;0;5;1;3;3;3;;;;;;;;;;;;;;;;;;
270;5;NMe2;5;Y;-4.81;-0.17037;-0.03991;241.81;-0.1642;0.0236;240.51;33.4794;32.0211;34.2273;2.294;88.8;-0.045;-0.003;2.3;4.9;-0.1249;81.1604;2.397;89.4;-0.061;0.003;-0.9;4.1;-0.822;0.044;0.047;-0.062;-0.111;3;2;2;4;1;1;4;4;4;0;;;;;;;;;;;;;;;;;;
271;3;Ph;5;Y;-20.08;-0.1869;-0.0506;241.3;-0.189;-0.0477;239.2;22.6605;20.9598;35.6317;2.291;87.6;-0.017;-0.019;3.9;4.4;-0.1095;89.6713;2.38;94.4;-0.019;-0.02;3;2.9;-0.7698;0.026;0.025;-0.097;-0.107;3;2;4;0;3;1;0;1;2;4;;;;;;;;;;;;;;;;;;
272;2;C6F5;5;Y;-11.23;-0.2132;-0.078;226.39;-0.21657;-0.07767;222.356;26.7086;24.4545;23.6569;2.264;82.8;-0.011;-0.021;2.4;3.8;-0.072;73.4169;2.361;94.3;-0.01;-0.019;2.4;4.1;-0.6749;0.036;0.038;0.005;0.006;0;0;0;1;5;2;5;0;5;1;;;;;;;;;;;;;;;;;;
273;3;o-Tol;5;Y;-10.58;-0.1836;-0.0505;243.55;-0.18524;-0.0467;240.856;32.53;32.10;31.824;2.301;87.3;-0.034;0.012;0.3;1.6;-0.0962;84.3519;2.383;97.9;-0.032;0.022;-0.9;-0.2;-0.7365;0.056;0.067;-0.084;-0.048;1;5;4;0;4;0;3;0;1;2;;;;;;;;;;;;;;;;;;
274;3;p-Tol;5;Y;-20.52;-0.18205;-0.04704;244.994;-0.18192;-0.04288;243.279;23.3294;23.4964;37.5111;2.292;89.2;-0.019;-0.021;4.4;3.6;-0.1123;92.5227;2.381;95.6;-0.019;-0.022;3.6;2.4;-0.7777;0.029;0.023;-0.1;-0.117;3;2;4;0;1;1;0;1;2;4;;;;;;;;;;;;;;;;;;
275;3;p-CF3-Ph;5;Y;-19.21;-0.20381;-0.07711;232.242;-0.20834;-0.0767;228.712;24.4702;22.257;32.0787;2.286;88.1;-0.015;-0.022;3.4;4.8;-0.0944;87.2504;2.375;97.1;-0.015;-0.021;2.7;3;-0.7434;0.028;0.019;-0.086;-0.102;0;0;0;1;5;2;5;0;2;1;;;;;;;;;;;;;;;;;;
;;;;;;;;;;;;;;;;;;;;;;;;;;;;;;;;;;;;;;;;;;;;;;;;;;;;;;;;;;;;;
;;;;;;;;;;;;;;;;;;;;;;;;;;;;;;;;;;;;;;;;;;;;;;;;;;;;;;;;;;;;;
